date,symbol,reportedCurrency,cik,fillingDate,acceptedDate,calendarYear,period,cashAndCashEquivalents,shortTermInvestments,cashAndShortTermInvestments,netReceivables,inventory,otherCurrentAssets,totalCurrentAssets,propertyPlantEquipmentNet,goodwill,intangibleAssets,goodwillAndIntangibleAssets,longTermInvestments,taxAssets,otherNonCurrentAssets,totalNonCurrentAssets,otherAssets,totalAssets,accountPayables,shortTermDebt,taxPayables,deferredRevenue,otherCurrentLiabilities,totalCurrentLiabilities,longTermDebt,deferredRevenueNonCurrent,deferredTaxLiabilitiesNonCurrent,otherNonCurrentLiabilities,totalNonCurrentLiabilities,otherLiabilities,capitalLeaseObligations,totalLiabilities,preferredStock,commonStock,retainedEarnings,accumulatedOtherComprehensiveIncomeLoss,othertotalStockholdersEquity,totalStockholdersEquity,totalEquity,totalLiabilitiesAndStockholdersEquity,minorityInterest,totalLiabilitiesAndTotalEquity,totalInvestments,totalDebt,netDebt,link,finalLink
2020-12-31,AMP,USD,0000820027,2021-02-24,2021-02-24 15:26:03,2020,Q4,6845000000,36283000000,43128000000,7835000000,0,-48405000000,2558000000,0,0,0,0,36292000000,0,0,0,163325000000,165883000000,936000000,200000000,0,0,0,1136000000,4700000000,17641000000,0,-19510000000,2831000000,156049000000,44000000,160016000000,0,3000000,15292000000,629000000,-10057000000,5867000000,5867000000,165883000000,0,165883000000,72575000000,4900000000,-1945000000,https://www.sec.gov/Archives/edgar/data/820027/000082002721000012/0000820027-21-000012-index.htm,https://www.sec.gov/Archives/edgar/data/820027/000082002721000012/amp-20201231.htm
2020-09-30,AMP,USD,0000820027,2020-11-09,2020-11-09 15:43:47,2020,Q3,7668000000,35959000000,43627000000,7392000000,0,-48468000000,2551000000,0,0,0,0,35959000000,0,0,0,156136000000,158687000000,1770000000,200000000,0,0,0,1970000000,4687000000,16818000000,0,-18672000000,2833000000,147817000000,47000000,152620000000,0,3000000,15241000000,516000000,-9693000000,6067000000,6067000000,158687000000,0,158687000000,71918000000,4887000000,-2781000000,https://www.sec.gov/Archives/edgar/data/820027/000082002720000074/0000820027-20-000074-index.htm,https://www.sec.gov/Archives/edgar/data/820027/000082002720000074/amp-20200930.htm
2020-06-30,AMP,USD,0000820027,2020-08-10,2020-08-10 16:55:25,2020,Q2,7703000000,34442000000,42145000000,7295000000,0,-47024000000,2416000000,0,0,0,0,34452000000,0,73588000000,108040000000,0,110456000000,0,200000000,0,0,143929000000,144129000000,4273000000,16070000000,0,-16070000000,4273000000,0,51000000,148402000000,0,3000000,15510000000,394000000,-9407000000,6500000000,6500000000,154902000000,0,154902000000,68894000000,4473000000,-3230000000,https://www.sec.gov/Archives/edgar/data/820027/000082002720000064/0000820027-20-000064-index.htm,https://www.sec.gov/Archives/edgar/data/820027/000082002720000064/amp-20200630.htm
2020-03-31,AMP,USD,0000820027,2020-05-11,2020-05-11 15:58:40,2020,Q1,8829000000,31846000000,40675000000,7188000000,0,-45015000000,2848000000,0,0,0,0,31854000000,0,0,0,142834000000,145682000000,0,200000000,0,0,135123000000,135323000000,3666000000,17010000000,0,-17010000000,3666000000,0,54000000,138989000000,0,3000000,16180000000,-295000000,-9195000000,6693000000,6693000000,145682000000,0,145682000000,63700000000,3866000000,-4963000000,https://www.sec.gov/Archives/edgar/data/820027/000082002720000042/0000820027-20-000042-index.htm,https://www.sec.gov/Archives/edgar/data/820027/000082002720000010/amp12312019.htm
2020-12-31,BAC,USD,0000070858,2021-02-24,2021-02-24 16:56:31,2020,Q4,387009000000,234491000000,621500000000,81157000000,0,0,0,11000000000,68951000000,0,68951000000,792194000000,0,0,0,2819627000000,2819627000000,0,19321000000,0,0,0,0,262934000000,0,0,0,0,2546703000000,0,2546703000000,24510000000,85982000000,164088000000,-1656000000,0,272924000000,272924000000,2819627000000,0,2819627000000,1026685000000,282255000000,-104754000000,https://www.sec.gov/Archives/edgar/data/70858/000007085821000023/0000070858-21-000023-index.htm,https://www.sec.gov/Archives/edgar/data/70858/000007085821000023/bac-20201231.htm
2020-09-30,BAC,USD,0000070858,2020-10-30,2020-10-30 16:57:16,2020,Q3,306094000000,233692000000,539786000000,78991000000,0,0,0,10902000000,68951000000,0,68951000000,729199000000,0,0,0,2738452000000,2738452000000,0,17861000000,0,0,0,0,255723000000,0,0,0,0,2469602000000,0,2469602000000,23427000000,85954000000,160447000000,-978000000,0,268850000000,268850000000,2738452000000,0,2738452000000,962891000000,273584000000,-32510000000,https://www.sec.gov/Archives/edgar/data/70858/000007085820000071/0000070858-20-000071-index.htm,https://www.sec.gov/Archives/edgar/data/70858/000007085820000071/bac-20200930.htm
2020-06-30,BAC,USD,0000070858,2020-07-31,2020-07-30 19:25:26,2020,Q2,295417000000,190432000000,485849000000,73502000000,0,0,0,10790000000,68951000000,0,68951000000,597444000000,0,0,0,2741688000000,2741688000000,0,17998000000,0,0,0,0,261638000000,0,0,0,0,2476051000000,0,2476051000000,23427000000,85794000000,157578000000,-1162000000,0,265637000000,265637000000,2741688000000,0,2741688000000,787876000000,279636000000,-15781000000,https://www.sec.gov/Archives/edgar/data/70858/000007085820000040/0000070858-20-000040-index.htm,https://www.sec.gov/Archives/edgar/data/70858/000007085820000040/bac-0630202010xq.htm
2020-03-31,BAC,USD,0000070858,2020-05-01,2020-05-01 16:56:46,2020,Q1,262673000000,206221000000,468894000000,88333000000,0,0,0,10792000000,68951000000,0,68951000000,587152000000,0,0,0,2619954000000,2619954000000,0,30118000000,0,0,0,0,256712000000,0,0,0,0,2355036000000,0,2355036000000,23427000000,85745000000,155866000000,-120000000,0,264918000000,264918000000,2619954000000,0,2619954000000,793373000000,286830000000,24157000000,https://www.sec.gov/Archives/edgar/data/70858/000007085820000023/0000070858-20-000023-index.htm,https://www.sec.gov/Archives/edgar/data/70858/000007085820000023/bac-0331202010xq.htm
2020-09-30,BEN,USD,0000038777,2020-11-23,2020-11-20 20:08:41,2020,Q4,3957500000,0,3957500000,1200600000,0,0,5158100000,1348600000,4500800000,4914200000,9415000000,3979700000,0,319500000,15062800000,0,20220900000,793800000,0,703300000,0,143200000,1640300000,4350500000,0,305300000,2951000000,7606800000,0,621000000,9247100000,0,49500000,10472600000,-407600000,0,10114500000,10114500000,19361600000,0,19361600000,0,8700500000,4743000000,https://www.sec.gov/Archives/edgar/data/38777/000003877720000203/0000038777-20-000203-index.htm,https://www.sec.gov/Archives/edgar/data/38777/000003877720000203/form10-k93020.htm
2020-06-30,BEN,USD,0000038777,2020-07-28,2020-07-28 08:34:54,2020,Q3,6975900000,45400000,7021300000,927800000,0,0,7949100000,963700000,2190700000,904100000,3094800000,3409300000,0,200100000,7667900000,0,15617000000,341900000,0,747300000,0,142800000,1232000000,1382800000,0,77200000,1921300000,3381300000,0,300600000,4613300000,0,49500000,10514800000,-450100000,0,10114200000,10114200000,14727500000,0,14727500000,3454700000,1428200000,-5547700000,https://www.sec.gov/Archives/edgar/data/38777/000003877720000138/0000038777-20-000138-index.htm,https://www.sec.gov/Archives/edgar/data/38777/000003877720000138/form10q63020.htm
2020-03-31,BEN,USD,0000038777,2020-04-30,2020-04-30 08:37:20,2020,Q2,6035800000,41400000,6077200000,675200000,0,0,6752400000,975200000,0,0,0,3753900000,0,3184700000,7913800000,0,14666200000,315500000,0,695100000,0,142100000,1152700000,1311000000,0,126200000,1322800000,2760000000,0,308900000,3912700000,0,49500000,10330000000,-476100000,0,9903400000,9903400000,13816100000,0,13816100000,3795300000,1352400000,-4683400000,https://www.sec.gov/Archives/edgar/data/38777/000003877720000106/0000038777-20-000106-index.html,https://www.sec.gov/Archives/edgar/data/38777/000003877720000106/form10q33120.htm
2019-12-31,BEN,USD,0000038777,2020-01-30,2020-01-30 08:36:00,2020,Q1,5976300000,0,5976300000,787500000,0,0,6763800000,967200000,0,0,0,4044900000,0,3225900000,8238000000,0,15001800000,253000000,0,886500000,0,142100000,1281600000,796400000,0,132800000,1956600000,2885800000,0,317900000,4167400000,0,49800000,10408000000,-376200000,0,10081600000,10081600000,14249000000,0,14249000000,0,1114300000,-4862000000,https://www.sec.gov/Archives/edgar/data/38777/000003877720000011/0000038777-20-000011-index.html,https://www.sec.gov/Archives/edgar/data/38777/000003877720000011/form10q123119.htm
2020-12-31,BK,USD,0001390777,2021-02-25,2021-02-25 06:48:25,2020,Q4,165327000000,59271000000,224598000000,5716000000,0,0,0,3602000000,17496000000,4896000000,22392000000,171984000000,0,0,0,469633000000,469633000000,25085000000,0,5696000000,0,0,0,26334000000,0,0,0,0,423513000000,0,423513000000,4541000000,14000000,34241000000,-985000000,7990000000,45801000000,45801000000,469314000000,319000000,469314000000,231255000000,26334000000,-138993000000,https://www.sec.gov/Archives/edgar/data/1390777/000139077721000037/0001390777-21-000037-index.htm,https://www.sec.gov/Archives/edgar/data/1390777/000139077721000037/bk-20201231.htm
2020-09-30,BK,USD,0001390777,2020-11-05,2020-11-05 06:43:11,2020,Q3,129316000000,64171000000,193487000000,5445000000,0,0,0,3617000000,17357000000,4858000000,22215000000,168096000000,0,0,0,428398000000,428398000000,23514000000,671000000,5347000000,0,0,0,26541000000,0,0,0,0,383051000000,0,383051000000,4532000000,14000000,33821000000,-1359000000,7909000000,44917000000,44917000000,427968000000,430000000,427968000000,232267000000,27212000000,-102104000000,https://www.sec.gov/Archives/edgar/data/1390777/000139077720000090/0001390777-20-000090-index.htm,https://www.sec.gov/Archives/edgar/data/1390777/000139077720000090/bk-20200930.htm
2020-06-30,BK,USD,0001390777,2020-08-06,2020-08-06 06:36:14,2020,Q2,135549000000,70750000000,206299000000,5163000000,0,0,0,3598000000,17253000000,4823000000,22076000000,168287000000,0,0,0,442316000000,442316000000,25012000000,665000000,5029000000,0,0,0,29194000000,0,0,0,0,398350000000,0,398350000000,4532000000,14000000,33224000000,-1943000000,7870000000,43697000000,43697000000,442047000000,269000000,442047000000,239037000000,29859000000,-105690000000,https://www.sec.gov/Archives/edgar/data/1390777/000139077720000072/0001390777-20-000072-index.htm,https://www.sec.gov/Archives/edgar/data/1390777/000139077720000072/form10-q2q20.htm
2020-03-31,BK,USD,0001390777,2020-05-07,2020-05-07 06:38:12,2020,Q1,174298000000,60441000000,234739000000,6313000000,0,0,0,3514000000,17240000000,4748000000,21988000000,149927000000,0,0,0,468155000000,468155000000,24016000000,1121000000,4705000000,0,0,0,29038000000,0,0,0,0,426776000000,0,426776000000,3542000000,14000000,32601000000,-2827000000,7815000000,41145000000,41145000000,467921000000,234000000,467921000000,210368000000,30159000000,-144139000000,https://www.sec.gov/Archives/edgar/data/1390777/000139077720000062/0001390777-20-000062-index.html,https://www.sec.gov/Archives/edgar/data/1390777/000139077720000062/form10-q1q20.htm
2020-12-31,BLK,USD,0001364742,2021-02-25,2021-02-25 15:55:29,2020,Q4,8664000000,0,8664000000,3535000000,0,0,12199000000,681000000,14551000000,18263000000,32814000000,6919000000,0,124369000000,164783000000,0,176982000000,1028000000,0,0,3673000000,-3673000000,1028000000,7264000000,0,3673000000,129683000000,140620000000,0,0,141648000000,0,2000000,24334000000,-337000000,11284000000,35283000000,35283000000,176931000000,0,176931000000,0,12230000000,3566000000,https://www.sec.gov/Archives/edgar/data/1364742/000156459021008796/0001564590-21-008796-index.htm,https://www.sec.gov/Archives/edgar/data/1364742/000156459021008796/blk-10k_20201231.htm
2020-09-30,BLK,USD,0001364742,2020-11-05,2020-11-05 14:59:31,2020,Q3,6507000000,0,6507000000,3706000000,0,0,10213000000,693000000,14554000000,18290000000,32844000000,6307000000,0,115061000000,154905000000,0,165118000000,988000000,0,0,3742000000,-3742000000,988000000,7227000000,0,3742000000,119229000000,130198000000,0,0,131186000000,0,2000000,23340000000,-601000000,11132000000,33873000000,33873000000,165059000000,0,165059000000,0,7227000000,720000000,https://www.sec.gov/Archives/edgar/data/1364742/000156459020051202/0001564590-20-051202-index.htm,https://www.sec.gov/Archives/edgar/data/1364742/000156459020051202/blk-10q_20200930.htm
2020-06-30,BLK,USD,0001364742,2020-08-07,2020-08-07 19:42:49,2020,Q2,5466000000,0,5466000000,2990000000,0,0,8456000000,697000000,14556000000,18317000000,32873000000,5171000000,0,110145000000,148886000000,0,157342000000,914000000,0,0,0,0,914000000,7190000000,0,3664000000,112788000000,123642000000,0,0,124556000000,0,2000000,22532000000,-781000000,10977000000,32730000000,32730000000,157286000000,0,157286000000,0,7190000000,1724000000,https://www.sec.gov/Archives/edgar/data/1364742/000156459020038433/0001564590-20-038433-index.htm,https://www.sec.gov/Archives/edgar/data/1364742/000156459020038433/blk-10q_20200630.htm
2020-03-31,BLK,USD,0001364742,2020-05-08,2020-05-08 12:02:08,2020,Q1,4406000000,0,4406000000,3095000000,0,0,7501000000,714000000,14559000000,18344000000,32903000000,5240000000,0,102662000000,141519000000,0,149020000000,982000000,0,0,0,0,982000000,5933000000,0,3610000000,105425000000,114968000000,0,0,115950000000,0,2000000,21872000000,-810000000,11949000000,33013000000,33013000000,148963000000,0,148963000000,0,5933000000,1527000000,https://www.sec.gov/Archives/edgar/data/1364742/000156459020023352/0001564590-20-023352-index.htm,https://www.sec.gov/Archives/edgar/data/1364742/000156459020007807/blk-10k_20191231.htm
2020-12-31,C,USD,0000831001,2021-02-26,2021-02-26 16:44:10,2020,Q4,309615000000,335084000000,638778000000,45544000000,0,0,684322000000,0,22162000000,4747000000,26909000000,647003000000,0,0,673912000000,2260090000000,2259332000000,50484000000,29514000000,0,0,0,0,271686000000,0,0,0,0,2059890000000,0,2059890000000,19480000000,31000000,168272000000,-32058000000,43717000000,199442000000,199442000000,2259332000000,758000000,2259332000000,976166000000,301200000000,-8415000000,https://www.sec.gov/Archives/edgar/data/831001/000083100121000042/0000831001-21-000042-index.htm,https://www.sec.gov/Archives/edgar/data/831001/000083100121000042/c-20201231.htm
2020-09-30,C,USD,0000831001,2020-11-04,2020-11-04 16:50:00,2020,Q3,323695000000,337694000000,661389000000,52377000000,0,0,713766000000,0,21624000000,4804000000,26428000000,628950000000,0,0,655378000000,2234459000000,2233740000000,54328000000,37439000000,0,0,0,0,273254000000,0,0,0,0,2039864000000,0,2039864000000,17980000000,31000000,165303000000,-33065000000,43627000000,193876000000,193876000000,2233740000000,719000000,2233740000000,966644000000,310693000000,-13002000000,https://www.sec.gov/Archives/edgar/data/831001/000083100120000110/0000831001-20-000110-index.htm,https://www.sec.gov/Archives/edgar/data/831001/000083100120000110/c-20200930.htm
2020-06-30,C,USD,0000831001,2020-08-05,2020-08-04 18:33:06,2020,Q2,309773000000,335975000000,645748000000,52568000000,0,0,698316000000,0,21399000000,4451000000,25850000000,616603000000,0,0,642453000000,2232715000000,2232035000000,60567000000,40156000000,0,0,0,0,279775000000,0,0,0,0,2040413000000,0,2040413000000,17980000000,31000000,163431000000,-33345000000,43525000000,191622000000,191622000000,2232035000000,680000000,2232035000000,952578000000,319931000000,10158000000,https://www.sec.gov/Archives/edgar/data/831001/000083100120000078/0000831001-20-000078-index.htm,https://www.sec.gov/ix?doc=/Archives/edgar/data/831001/000083100120000078/c-20200630.htm
2020-03-31,C,USD,0000831001,2020-05-04,2020-05-04 17:27:21,2020,Q1,285920000000,299230000000,585150000000,69615000000,0,0,654765000000,0,21264000000,4560000000,25824000000,563548000000,0,0,589372000000,2219770000000,2219119000000,74368000000,54951000000,0,0,0,0,266098000000,0,0,0,0,2026788000000,0,2026788000000,17980000000,31000000,163438000000,-32521000000,43403000000,192331000000,192331000000,2219119000000,651000000,2219119000000,862778000000,321049000000,35129000000,https://www.sec.gov/Archives/edgar/data/831001/000083100120000044/0000831001-20-000044-index.htm,https://www.sec.gov/Archives/edgar/data/831001/000083100120000044/c-3312020x10q.htm
2020-12-31,CFG,USD,0000759944,2021-02-23,2021-02-23 16:04:16,2020,Q4,13039000000,22942000000,35432000000,1971000000,0,112653000000,150056000000,759000000,7050000000,0,7050000000,25484000000,0,0,33293000000,0,183349000000,0,12000000,0,0,0,12000000,8346000000,0,629000000,0,8975000000,151689000000,0,160676000000,1965000000,6000000,6445000000,-60000000,14317000000,22673000000,22673000000,183349000000,0,183349000000,47877000000,8358000000,-4681000000,https://www.sec.gov/Archives/edgar/data/759944/000075994421000034/0000759944-21-000034-index.htm,https://www.sec.gov/Archives/edgar/data/759944/000075994421000034/cfg-20201231.htm
2020-09-30,CFG,USD,0000759944,2020-11-04,2020-11-04 16:02:24,2020,Q3,9544000000,22307000000,31851000000,2278000000,0,111914000000,146043000000,747000000,7050000000,0,7050000000,25388000000,0,0,33185000000,0,179228000000,0,252000000,0,0,0,252000000,9109000000,0,638000000,0,9747000000,146760000000,0,156759000000,1965000000,6000000,6189000000,10000000,14299000000,22469000000,22469000000,179228000000,0,179228000000,47695000000,9361000000,-183000000,https://www.sec.gov/Archives/edgar/data/759944/000075994420000099/0000759944-20-000099-index.htm,https://www.sec.gov/Archives/edgar/data/759944/000075994420000099/citizens10-qxq32020.htm
2020-06-30,CFG,USD,0000759944,2020-08-06,2020-08-06 10:12:58,2020,Q2,7921000000,21456000000,29377000000,2410000000,0,115489000000,147276000000,751000000,7050000000,0,7050000000,24797000000,0,0,32598000000,0,179874000000,155000000,552000000,0,0,0,707000000,8905000000,0,709000000,0,9614000000,147135000000,0,157456000000,1965000000,6000000,6068000000,94000000,14285000000,22418000000,22418000000,179874000000,0,179874000000,46253000000,9457000000,1536000000,https://www.sec.gov/Archives/edgar/data/759944/000075994420000082/0000759944-20-000082-index.htm,https://www.sec.gov/Archives/edgar/data/759944/000075994420000082/citizens10-qxq22020.htm
2020-03-31,CFG,USD,0000759944,2020-05-07,2020-05-07 16:31:10,2020,Q1,4338000000,21816000000,26154000000,2395000000,0,114717000000,143266000000,746000000,7050000000,0,7050000000,25657000000,0,0,33453000000,0,176719000000,0,1357000000,0,0,0,1357000000,16139000000,0,782000000,0,16921000000,136491000000,0,154769000000,1570000000,6000000,6011000000,85000000,14278000000,21950000000,21950000000,176719000000,0,176719000000,47473000000,17496000000,13158000000,https://www.sec.gov/Archives/edgar/data/759944/000075994420000066/0000759944-20-000066-index.htm,https://www.sec.gov/Archives/edgar/data/759944/000075994420000066/citizens10-qxq12020.htm
2020-12-31,CMA,USD,0000028412,2021-02-09,2021-02-09 17:04:08,2020,Q4,15767000000,15200000000,30967000000,5308000000,0,0,0,459000000,635000000,1000000,636000000,15200000000,0,0,0,88129000000,88129000000,0,0,0,0,0,0,5728000000,0,0,0,0,80079000000,0,80079000000,394000000,1141000000,9623000000,168000000,-3276000000,8050000000,8050000000,88129000000,0,88129000000,30400000000,5728000000,-10039000000,https://www.sec.gov/Archives/edgar/data/28412/000002841221000054/0000028412-21-000054-index.htm,https://www.sec.gov/Archives/edgar/data/28412/000002841221000054/cma-20201231.htm
2020-09-30,CMA,USD,0000028412,2020-10-30,2020-10-30 16:56:17,2020,Q3,11141000000,15250000000,26391000000,5357000000,0,0,0,456000000,635000000,2000000,637000000,15250000000,0,0,0,83631000000,83631000000,0,10000000,0,0,0,0,5754000000,0,0,0,0,75757000000,0,75757000000,394000000,1141000000,9511000000,116000000,-3288000000,7874000000,7874000000,83631000000,0,83631000000,30500000000,5764000000,-5377000000,https://www.sec.gov/Archives/edgar/data/28412/000002841220000105/0000028412-20-000105-index.htm,https://www.sec.gov/Archives/edgar/data/28412/000002841220000105/cma-20200930.htm
2020-06-30,CMA,USD,0000028412,2020-07-31,2020-07-30 19:53:09,2020,Q2,13311000000,12912000000,26223000000,5236000000,0,0,0,450000000,635000000,3000000,638000000,12912000000,0,0,0,84397000000,84397000000,0,752000000,0,0,0,0,6521000000,0,0,0,0,76595000000,0,76595000000,395000000,1141000000,9404000000,158000000,-3296000000,7802000000,7802000000,84397000000,0,84397000000,25824000000,7273000000,-6038000000,https://www.sec.gov/Archives/edgar/data/28412/000002841220000088/0000028412-20-000088-index.htm,https://www.sec.gov/Archives/edgar/data/28412/000002841220000088/cma-20200630.htm
2020-03-31,CMA,USD,0000028412,2020-04-29,2020-04-29 16:58:36,2020,Q1,4855000000,13179000000,18034000000,5253000000,0,0,0,454000000,635000000,3000000,638000000,13179000000,0,0,0,76337000000,76337000000,0,2263000000,0,0,0,0,7434000000,0,0,0,0,68935000000,0,68935000000,0,1141000000,9389000000,174000000,-3302000000,7402000000,7402000000,76337000000,0,76337000000,26358000000,9697000000,4842000000,https://www.sec.gov/Archives/edgar/data/28412/000002841220000068/0000028412-20-000068-index.html,https://www.sec.gov/Archives/edgar/data/28412/000002841220000068/a2020q110q.htm
2020-12-31,FITB,USD,0000035527,2021-02-26,2021-02-26 16:58:20,2020,Q4,3147000000,70912000000,73535000000,5980000000,0,0,79515000000,3288000000,4258000000,795000000,5053000000,73144000000,0,-81485000000,81485000000,43680000000,204680000000,0,39000000,0,0,-39000000,39000000,14973000000,0,0,-39000000,39000000,181491000000,0,181569000000,2116000000,2051000000,18384000000,2601000000,-2041000000,23111000000,23111000000,204680000000,0,204680000000,143532000000,15012000000,11865000000,https://www.sec.gov/Archives/edgar/data/35527/000003552721000100/0000035527-21-000100-index.htm,https://www.sec.gov/Archives/edgar/data/35527/000003552721000100/fitb-20201231.htm
2020-09-30,FITB,USD,0000035527,2020-11-05,2020-11-05 16:23:49,2020,Q3,2996000000,68179000000,71175000000,2988000000,0,0,74163000000,2908000000,4261000000,817000000,5078000000,69175000000,0,-77161000000,77161000000,50672000000,201996000000,0,50000000,0,0,-50000000,50000000,15123000000,0,0,-50000000,50000000,178945000000,0,179045000000,2116000000,2051000000,18010000000,2831000000,-2057000000,22951000000,22951000000,201996000000,0,201996000000,137354000000,15173000000,12177000000,https://www.sec.gov/Archives/edgar/data/35527/000003552720000107/0000035527-20-000107-index.htm,https://www.sec.gov/Archives/edgar/data/35527/000003552720000107/fitb-20200930.htm
2020-06-30,FITB,USD,0000035527,2020-08-07,2020-08-07 15:03:29,2020,Q2,3221000000,66294000000,69515000000,3019000000,0,0,72534000000,2862000000,4261000000,847000000,5108000000,67109000000,0,-75079000000,75079000000,55293000000,202906000000,0,81000000,0,0,-81000000,81000000,16327000000,0,0,-81000000,81000000,180409000000,0,180571000000,1770000000,2051000000,17643000000,2951000000,-2080000000,22335000000,22335000000,202906000000,0,202906000000,133403000000,16408000000,13187000000,https://www.sec.gov/Archives/edgar/data/35527/000003552720000077/0000035527-20-000077-index.htm,https://www.sec.gov/Archives/edgar/data/35527/000003552720000077/fitb-20200630.htm
2020-03-31,FITB,USD,0000035527,2020-05-08,2020-05-08 16:31:09,2020,Q1,3282000000,44348000000,47630000000,3077000000,0,0,50707000000,2828000000,4261000000,869000000,5130000000,45257000000,0,-53215000000,53215000000,81469000000,185391000000,0,3500000000,0,0,-3500000000,3500000000,16282000000,0,0,-3500000000,3500000000,156518000000,0,163518000000,1770000000,2051000000,17677000000,2477000000,-2102000000,21873000000,21873000000,185391000000,0,185391000000,89605000000,19782000000,16500000000,https://www.sec.gov/Archives/edgar/data/35527/000119312520137598/0001193125-20-137598-index.htm,https://www.sec.gov/Archives/edgar/data/35527/000119312520137598/d840512d10q.htm
2020-12-31,HBAN,USD,0000049196,2021-02-26,2021-02-26 17:19:33,2020,Q4,6712000000,304000000,7016000000,0,0,87380000000,94396000000,757000000,1990000000,428000000,2418000000,25467000000,0,0,28642000000,0,123038000000,0,112000000,0,0,0,112000000,8352000000,0,0,0,8352000000,101581000000,0,110045000000,2191000000,10000000,1878000000,192000000,8722000000,12993000000,12993000000,123038000000,0,123038000000,25771000000,8464000000,1752000000,https://www.sec.gov/Archives/edgar/data/49196/000004919621000018/0000049196-21-000018-index.htm,https://www.sec.gov/Archives/edgar/data/49196/000004919621000018/hban-20201231.htm
2020-09-30,HBAN,USD,0000049196,2020-10-30,2020-10-30 16:39:25,2020,Q3,6384000000,345000000,6729000000,0,0,86750000000,93479000000,752000000,1990000000,419000000,2409000000,23476000000,0,0,26637000000,0,120116000000,0,222000000,0,0,0,222000000,9174000000,0,0,0,9174000000,97803000000,0,107199000000,2191000000,10000000,1752000000,257000000,8707000000,12917000000,12917000000,120116000000,0,120116000000,23821000000,9396000000,3012000000,https://www.sec.gov/Archives/edgar/data/49196/000004919620000059/0000049196-20-000059-index.htm,https://www.sec.gov/Archives/edgar/data/49196/000004919620000059/hban-20200930.htm
2020-06-30,HBAN,USD,0000049196,2020-07-31,2020-07-31 16:51:40,2020,Q2,6375000000,337000000,6712000000,0,0,85747000000,92459000000,751000000,1990000000,411000000,2401000000,22814000000,0,0,25966000000,0,118425000000,0,146000000,0,0,0,146000000,9753000000,0,0,0,9753000000,96212000000,0,106111000000,1697000000,10000000,1633000000,290000000,8684000000,12314000000,12314000000,118425000000,0,118425000000,23151000000,9899000000,3524000000,https://www.sec.gov/Archives/edgar/data/49196/000004919620000046/0000049196-20-000046-index.htm,https://www.sec.gov/Archives/edgar/data/49196/000004919620000046/hban2020063010q.htm
2020-03-31,HBAN,USD,0000049196,2020-05-01,2020-05-01 16:40:34,2020,Q1,1904000000,255000000,2159000000,0,0,83687000000,85846000000,743000000,1990000000,417000000,2407000000,24901000000,0,0,28051000000,0,113897000000,0,2826000000,0,0,0,2826000000,9796000000,0,0,0,9796000000,89506000000,0,102128000000,1203000000,10000000,1657000000,227000000,8672000000,11769000000,11769000000,113897000000,0,113897000000,25156000000,12622000000,10718000000,https://www.sec.gov/Archives/edgar/data/49196/000004919620000028/0000049196-20-000028-index.html,https://www.sec.gov/Archives/edgar/data/49196/000004919620000028/hban2020033110q.htm
2020-12-31,IVZ,USD,0000914208,2021-02-19,2021-02-19 07:49:21,2020,Q4,1710100000,8912300000,10622400000,1026000000,0,-8763100000,2885300000,563800000,8916300000,7305600000,16221900000,8736800000,0,8096300000,33618800000,0,36504100000,348900000,0,67200000,0,9226700000,9642800000,9115900000,0,1523500000,1413000000,12052400000,0,319200000,21695200000,4010500000,113200000,6085000000,-404500000,4557600000,14361800000,14361800000,36057000000,0,36057000000,17649100000,9115900000,7405800000,https://www.sec.gov/Archives/edgar/data/914208/000091420821000331/0000914208-21-000331-index.htm,https://www.sec.gov/Archives/edgar/data/914208/000091420821000331/ivz-20201231.htm
2020-09-30,IVZ,USD,0000914208,2020-10-30,2020-10-30 07:37:39,2020,Q3,1320600000,769800000,2090400000,1181500000,0,132200000,3404100000,551100000,8735400000,7309300000,16044700000,7718400000,0,8319200000,32633400000,0,36037500000,1810800000,0,0,0,8901700000,10712500000,8698700000,0,1527100000,748600000,10974400000,0,0,21686900000,4010500000,113200000,5944500000,-647900000,4513700000,13934000000,13934000000,35620900000,0,35620900000,8488200000,8698700000,7378100000,https://www.sec.gov/Archives/edgar/data/914208/000091420820000440/0000914208-20-000440-index.htm,https://www.sec.gov/Archives/edgar/data/914208/000091420820000440/ivz10q3q2020.htm
2020-06-30,IVZ,USD,0000914208,2020-07-31,2020-07-31 08:39:44,2020,Q2,1271200000,709100000,1980300000,1073900000,0,128600000,3182800000,555100000,8618300000,7313100000,15931400000,7398500000,0,8511300000,32396300000,0,35579100000,1878900000,0,0,0,8714500000,10593400000,8654600000,0,1507400000,856000000,11018000000,0,0,21611400000,4010500000,113200000,5825000000,-816000000,4469300000,13602000000,13602000000,35213400000,0,35213400000,8107600000,8654600000,7383400000,https://www.sec.gov/Archives/edgar/data/914208/000091420820000375/0000914208-20-000375-index.htm,https://www.sec.gov/Archives/edgar/data/914208/000091420820000375/ivz10q2q2020.htm
2020-03-31,IVZ,USD,0000914208,2020-04-23,2020-04-23 16:23:25,2020,Q1,1229500000,0,1229500000,1274000000,0,124500000,2628000000,562800000,8544100000,7325100000,15869200000,8308400000,0,9642300000,34382700000,0,37010700000,1933500000,0,0,0,9814400000,11747900000,8761500000,0,1500800000,1058100000,11320400000,0,0,23068300000,4010500000,113200000,5856600000,-905500000,4424500000,13499300000,13499300000,36567600000,0,36567600000,0,8761500000,7532000000,https://www.sec.gov/Archives/edgar/data/914208/000091420820000295/0000914208-20-000295-index.html,https://www.sec.gov/Archives/edgar/data/914208/000091420820000295/ivz10q1q2020.htm
2020-12-31,JPM,USD,0000019617,2021-02-23,2021-02-23 16:17:29,2020,Q4,527609000000,388178000000,883560000000,90503000000,0,0,0,27109000000,49248000000,4180000000,53428000000,930253000000,0,0,0,3386071000000,3386071000000,140291000000,45208000000,0,0,0,0,281685000000,0,0,0,0,3106717000000,0,3106717000000,30063000000,4105000000,236990000000,7986000000,210000000,279354000000,279354000000,3386071000000,0,3386071000000,1286204000000,326893000000,-200716000000,https://www.sec.gov/Archives/edgar/data/19617/000001961721000236/0000019617-21-000236-index.htm,https://www.sec.gov/Archives/edgar/data/19617/000001961721000236/jpm-20201231.htm
2020-09-30,JPM,USD,0000019617,2020-11-02,2020-11-02 16:23:19,2020,Q3,487522000000,355298000000,842820000000,76945000000,0,0,0,26672000000,47819000000,3775000000,51594000000,850332000000,0,0,0,3246076000000,3246076000000,234256000000,41992000000,0,0,0,0,279175000000,0,0,0,0,2974963000000,0,2974963000000,30063000000,4105000000,228014000000,8940000000,-9000000,271113000000,271113000000,3246076000000,0,3246076000000,1205630000000,321167000000,-166355000000,https://www.sec.gov/Archives/edgar/data/19617/000001961720000438/0000019617-20-000438-index.htm,https://www.sec.gov/Archives/edgar/data/19617/000001961720000438/jpm-20200930.htm
2020-06-30,JPM,USD,0000019617,2020-08-03,2020-08-03 16:13:32,2020,Q2,493729000000,457408000000,951137000000,72260000000,0,0,0,26301000000,47811000000,3858000000,51669000000,898227000000,0,0,0,3213115000000,3213115000000,230916000000,48014000000,0,0,0,0,317003000000,0,0,0,0,2948649000000,0,2948649000000,30063000000,4105000000,221732000000,8789000000,-223000000,264466000000,264466000000,3213115000000,0,3213115000000,1355635000000,365017000000,-128712000000,https://www.sec.gov/Archives/edgar/data/19617/000001961720000372/0000019617-20-000372-index.htm,https://www.sec.gov/Archives/edgar/data/19617/000001961720000372/corpq22020.htm
2020-03-31,JPM,USD,0000019617,2020-05-07,2020-05-07 16:37:43,2020,Q1,367534000000,382980000000,750514000000,122064000000,0,0,0,25882000000,47800000000,4067000000,51867000000,858860000000,0,0,0,3139431000000,3139431000000,253874000000,51909000000,0,0,0,0,299344000000,0,0,0,0,2878169000000,0,2878169000000,30063000000,4105000000,220226000000,7418000000,-550000000,261262000000,261262000000,3139431000000,0,3139431000000,1241840000000,351253000000,-16281000000,https://www.sec.gov/Archives/edgar/data/19617/000001961720000299/0000019617-20-000299-index.html,https://www.sec.gov/Archives/edgar/data/19617/000001961720000299/corpq12020.htm
2020-12-31,KEY,USD,0000091576,2021-02-22,2021-02-22 14:55:27,2020,Q4,1091000000,18167000000,19258000000,11164000000,0,83626000000,114048000000,753000000,2664000000,188000000,2852000000,52683000000,0,0,56288000000,0,170336000000,0,759000000,0,0,0,759000000,13709000000,0,0,0,13709000000,137887000000,12000000,152355000000,1900000000,1257000000,12751000000,738000000,1335000000,17981000000,17981000000,170336000000,0,170336000000,70850000000,14468000000,13377000000,https://www.sec.gov/Archives/edgar/data/91576/000009157621000044/0000091576-21-000044-index.htm,https://www.sec.gov/Archives/edgar/data/91576/000009157621000044/key-20201231.htm
2020-09-30,KEY,USD,0000091576,2020-11-03,2020-11-03 10:02:43,2020,Q3,956000000,19384000000,20340000000,11476000000,0,84329000000,116145000000,765000000,2664000000,203000000,2867000000,50763000000,0,0,54395000000,0,170540000000,0,818000000,0,0,0,818000000,12685000000,0,0,0,12685000000,139315000000,0,152818000000,1900000000,1257000000,12375000000,867000000,1323000000,17722000000,17722000000,170540000000,0,170540000000,70147000000,13503000000,12547000000,https://www.sec.gov/Archives/edgar/data/91576/000009157620000053/0000091576-20-000053-index.htm,https://www.sec.gov/Archives/edgar/data/91576/000009157620000053/key-20200930.htm
2020-06-30,KEY,USD,0000091576,2020-08-03,2020-08-03 17:16:04,2020,Q2,1059000000,18090000000,19149000000,11445000000,0,88938000000,119532000000,776000000,2664000000,218000000,2882000000,48002000000,0,0,51660000000,0,171192000000,0,1716000000,0,0,0,1716000000,13734000000,0,0,0,13734000000,138200000000,0,153650000000,1900000000,1257000000,12154000000,936000000,1295000000,17542000000,17542000000,171192000000,0,171192000000,66092000000,15450000000,14391000000,https://www.sec.gov/Archives/edgar/data/91576/000009157620000045/0000091576-20-000045-index.htm,https://www.sec.gov/Archives/edgar/data/91576/000009157620000045/key-63020x10q.htm
2020-03-31,KEY,USD,0000091576,2020-05-04,2020-05-01 20:29:25,2020,Q1,865000000,4710000000,5575000000,11237000000,0,99708000000,116520000000,791000000,2664000000,236000000,2900000000,35986000000,0,0,39677000000,0,156197000000,0,4606000000,0,0,0,4606000000,13732000000,0,0,0,13732000000,120448000000,0,138786000000,1900000000,1257000000,12174000000,814000000,1266000000,17411000000,17411000000,156197000000,0,156197000000,40696000000,18338000000,17473000000,https://www.sec.gov/Archives/edgar/data/91576/000009157620000014/0000091576-20-000014-index.html,https://www.sec.gov/Archives/edgar/data/91576/000009157620000014/key-33120x10q.htm
2020-12-31,MTB,USD,0000036270,2021-02-22,2021-02-22 17:02:04,2020,Q4,25216553000,505674000,25722227000,7948855000,0,0,0,1161558000,4593112000,14165000,4607277000,8114278000,0,0,0,142601105000,142601105000,2166409000,0,0,0,0,0,4382193000,0,0,0,0,126413822000,0,126413822000,1250000000,81215000,13444428000,-63032000,1474672000,16187283000,16187283000,142601105000,0,142601105000,8619952000,4382193000,-20834360000,https://www.sec.gov/Archives/edgar/data/36270/000156459021007188/0001564590-21-007188-index.htm,https://www.sec.gov/Archives/edgar/data/36270/000156459021007188/mtb-10k_20201231.htm
2020-09-30,MTB,USD,0000036270,2020-11-04,2020-11-04 16:11:53,2020,Q3,21687169000,5175604000,26862773000,5555367000,0,0,0,1146681000,4593112000,17294000,4610406000,8938577000,0,0,0,138626743000,138626743000,1857383000,46123000,0,0,0,0,5458885000,0,0,0,0,122525730000,0,122525730000,1250000000,81198000,13132374000,175503000,1461938000,16101013000,16101013000,138626743000,0,138626743000,14114181000,5505008000,-16182161000,https://www.sec.gov/Archives/edgar/data/36270/000156459020050472/0001564590-20-050472-index.htm,https://www.sec.gov/Archives/edgar/data/36270/000156459020050472/mtb-10q_20200930.htm
2020-06-30,MTB,USD,0000036270,2020-08-05,2020-08-05 16:40:36,2020,Q2,22243156000,5700940000,27944096000,5657022000,0,0,0,1155281000,4593112000,21208000,4614320000,9747878000,0,0,0,139536969000,139536969000,2250316000,52298000,0,0,0,0,6321291000,0,0,0,0,123591864000,0,123591864000,1250000000,81179000,12919345000,244630000,1449951000,15945105000,15945105000,139536969000,0,139536969000,15448818000,6373589000,-15869567000,https://www.sec.gov/Archives/edgar/data/36270/000156459020036872/0001564590-20-036872-index.htm,https://www.sec.gov/Archives/edgar/data/36270/000156459020036872/mtb-10q_20200630.htm
2020-03-31,MTB,USD,0000036270,2020-05-07,2020-05-06 19:20:10,2020,Q1,10194499000,6023250000,16217749000,5671753000,0,0,0,1154558000,4593112000,25121000,4618233000,10180881000,0,0,0,124577833000,124577833000,2198116000,59180000,0,0,0,0,6321435000,0,0,0,0,108762039000,0,108762039000,1250000000,81163000,12837390000,209833000,1437408000,15815794000,15815794000,124577833000,0,124577833000,16204131000,6380615000,-3813884000,https://www.sec.gov/Archives/edgar/data/36270/000156459020022168/0001564590-20-022168-index.htm,https://www.sec.gov/Archives/edgar/data/36270/000156459020005365/mtb-10k_20191231.htm
2020-12-31,NTRS,USD,0000073124,2021-02-23,2021-02-23 16:51:30,2020,Q4,64275700000,19192300000,83458000000,1171600000,0,24338600000,108968200000,514900000,707200000,0,707200000,59813600000,0,0,61035700000,0,170003900000,0,0,0,0,0,0,8601000000,0,0,0,8601000000,149714600000,0,158315600000,884900000,408600000,12207700000,428000000,-2240900000,11688300000,11688300000,170003900000,0,170003900000,79005900000,8601000000,-55664700000,https://www.sec.gov/Archives/edgar/data/73124/000007312421000071/0000073124-21-000071-index.htm,https://www.sec.gov/Archives/edgar/data/73124/000007312421000071/ntrs-20201231.htm
2020-09-30,NTRS,USD,0000073124,2020-10-27,2020-10-27 16:36:50,2020,Q3,46736500000,20592100000,67328600000,2326900000,0,21912900000,91568400000,510000000,698000000,0,698000000,59305600000,0,0,60513600000,0,152082000000,0,8245300000,0,0,0,8245300000,10901000000,0,0,0,10901000000,121356600000,0,140502900000,884900000,408600000,12118300000,424500000,-2257200000,11579100000,11579100000,152082000000,0,152082000000,79897700000,19146300000,-27590200000,https://www.sec.gov/Archives/edgar/data/73124/000007312420000244/0000073124-20-000244-index.htm,https://www.sec.gov/Archives/edgar/data/73124/000007312420000244/ntrs-20200930.htm
2020-06-30,NTRS,USD,0000073124,2020-07-28,2020-07-28 16:48:23,2020,Q2,49530600000,18976400000,68507000000,2121300000,0,24401200000,95029500000,501000000,690600000,0,690600000,55211800000,0,0,56403400000,0,151432900000,0,8229100000,0,0,0,8229100000,12623300000,0,0,0,12623300000,119198300000,0,140050700000,884900000,408600000,11988400000,370400000,-2270100000,11382200000,11382200000,151432900000,0,151432900000,74188200000,20852400000,-28678200000,https://www.sec.gov/Archives/edgar/data/73124/000007312420000212/0000073124-20-000212-index.htm,https://www.sec.gov/Archives/edgar/data/73124/000007312420000212/ntrs-20200630.htm
2020-03-31,NTRS,USD,0000073124,2020-04-27,2020-04-27 16:40:52,2020,Q1,55853600000,39441700000,95295300000,2116900000,0,-97406367000,5833000,490200000,689300000,0,689300000,52078600000,0,-52569100000,689000000,0,694833000,0,10360600000,0,0,136326700000,146687300000,10098100000,0,0,-5955900000,4142200000,0,0,150829500000,884900000,408600000,11828100000,45000000,-2286900000,10879700000,10879700000,161709200000,0,161709200000,91520300000,20458700000,-35394900000,https://www.sec.gov/Archives/edgar/data/73124/000007312420000179/0000073124-20-000179-index.htm,https://www.sec.gov/Archives/edgar/data/73124/000007312420000179/q12020form10-q.htm
2020-12-31,PNC,USD,0000713676,2021-02-26,2021-02-26 13:29:49,2020,Q4,92190000000,2072000000,94262000000,7200000000,0,0,0,0,9233000000,1242000000,10475000000,94851000000,0,0,0,466679000000,466679000000,0,0,0,0,0,0,37195000000,0,0,0,37195000000,375443000000,0,412638000000,0,2713000000,46848000000,2770000000,1679000000,54010000000,54010000000,466648000000,0,466648000000,96923000000,37195000000,-54995000000,https://www.sec.gov/Archives/edgar/data/713676/000071367621000025/0000713676-21-000025-index.htm,https://www.sec.gov/Archives/edgar/data/713676/000071367621000025/pnc-20201231.htm
2020-09-30,PNC,USD,0000713676,2020-11-03,2020-11-03 10:15:47,2020,Q3,77588000000,4862000000,82450000000,7260000000,0,0,0,0,9233000000,1113000000,10346000000,96123000000,0,0,0,461817000000,461817000000,0,0,0,0,0,0,42110000000,0,0,0,42110000000,366397000000,0,408507000000,0,2712000000,45947000000,2997000000,1620000000,53276000000,53276000000,461783000000,0,461783000000,100985000000,42110000000,-35478000000,https://www.sec.gov/Archives/edgar/data/713676/000071367620000139/0000713676-20-000139-index.htm,https://www.sec.gov/Archives/edgar/data/713676/000071367620000139/pncq3202010-q.htm
2020-06-30,PNC,USD,0000713676,2020-08-04,2020-08-04 11:29:48,2020,Q2,56571000000,6359000000,62930000000,7908000000,0,0,0,0,9233000000,1067000000,10300000000,103436000000,0,0,0,458978000000,458978000000,0,0,0,0,0,0,47026000000,0,0,0,47026000000,359004000000,0,406030000000,0,2712000000,44986000000,3069000000,2156000000,52923000000,52923000000,458953000000,0,458953000000,109795000000,47026000000,-9545000000,https://www.sec.gov/Archives/edgar/data/713676/000071367620000115/0000713676-20-000115-index.htm,https://www.sec.gov/Archives/edgar/data/713676/000071367620000115/pncq2202010-q.htm
2020-03-31,PNC,USD,0000713676,2020-05-05,2020-05-05 11:56:20,2020,Q1,27479000000,817000000,28296000000,7215700000,0,0,0,0,9233000000,1082000000,10315000000,103751000000,0,0,0,445493000000,445493000000,0,450000000,0,0,0,450000000,73399000000,0,0,0,73399000000,322354000000,0,396203000000,0,2712000000,41885000000,2518000000,2148000000,49263000000,49263000000,445466000000,0,445466000000,104568000000,73849000000,46370000000,https://www.sec.gov/Archives/edgar/data/713676/000071367620000078/0000713676-20-000078-index.htm,https://www.sec.gov/Archives/edgar/data/713676/000071367620000078/pncq1202010-q.htm
2020-12-31,RF,USD,0001281761,2021-02-24,2021-02-23 21:16:10,2020,Q4,17956000000,25864000000,43820000000,346000000,0,67442000000,111608000000,1897000000,5190000000,418000000,5608000000,28276000000,0,0,35781000000,0,147389000000,0,0,0,0,0,0,3569000000,0,0,0,3569000000,125709000000,0,129278000000,1656000000,10000000,3770000000,1315000000,11360000000,18111000000,18111000000,147389000000,0,147389000000,54140000000,3569000000,-14387000000,https://www.sec.gov/Archives/edgar/data/1281761/000128176121000012/0001281761-21-000012-index.htm,https://www.sec.gov/Archives/edgar/data/1281761/000128176121000012/rf-20201231.htm
2020-09-30,RF,USD,0001281761,2020-11-05,2020-11-04 18:35:52,2020,Q3,13473000000,25579000000,39052000000,347000000,0,70105000000,109504000000,1896000000,5187000000,396000000,5583000000,28197000000,0,0,35676000000,0,145180000000,0,0,0,0,0,0,4919000000,0,0,0,4919000000,122357000000,0,127276000000,1656000000,10000000,3330000000,1565000000,11343000000,17904000000,17904000000,145180000000,0,145180000000,53776000000,4919000000,-8554000000,https://www.sec.gov/Archives/edgar/data/1281761/000128176120000087/0001281761-20-000087-index.htm,https://www.sec.gov/Archives/edgar/data/1281761/000128176120000087/rf-2020930x10xq.htm
2020-06-30,RF,USD,0001281761,2020-08-05,2020-08-05 08:14:27,2020,Q2,13198000000,22403000000,35601000000,343000000,0,75465000000,111409000000,1929000000,5193000000,386000000,5579000000,25153000000,0,0,32661000000,0,144070000000,0,0,0,0,0,0,6408000000,0,0,0,6408000000,120034000000,0,126442000000,1656000000,10000000,2978000000,1626000000,11332000000,17602000000,17602000000,144044000000,0,144044000000,47556000000,6408000000,-6790000000,https://www.sec.gov/Archives/edgar/data/1281761/000128176120000075/0001281761-20-000075-index.htm,https://www.sec.gov/Archives/edgar/data/1281761/000128176120000075/rf-2020630x10xq.htm
2020-03-31,RF,USD,0001281761,2020-05-06,2020-05-06 08:41:19,2020,Q1,5255000000,22257000000,27512000000,349000000,0,73478000000,101339000000,1935000000,4845000000,352000000,5197000000,25071000000,0,0,32203000000,0,133542000000,0,3150000000,0,0,0,3150000000,10105000000,0,0,0,10105000000,102955000000,0,116210000000,1310000000,10000000,3364000000,1324000000,11324000000,17332000000,17332000000,133542000000,0,133542000000,47328000000,13255000000,8000000000,https://www.sec.gov/Archives/edgar/data/1281761/000128176120000048/0001281761-20-000048-index.html,https://www.sec.gov/Archives/edgar/data/1281761/000128176120000048/rf-2020331x10xq.htm
2020-12-31,STT,USD,0000093751,2021-02-19,2021-02-19 07:09:17,2020,Q4,120485000000,15546000000,136031000000,3968000000,0,47137000000,187136000000,2874000000,7683000000,1827000000,9510000000,115186000000,0,0,127570000000,0,314706000000,0,3987000000,0,0,0,3987000000,13805000000,0,0,0,13805000000,270714000000,103000000,288506000000,2471000000,504000000,23442000000,187000000,-404000000,26200000000,26200000000,314706000000,0,314706000000,130732000000,17792000000,-102693000000,https://www.sec.gov/Archives/edgar/data/93751/000009375121000476/0000093751-21-000476-index.htm,https://www.sec.gov/Archives/edgar/data/93751/000009375121000476/stt-20201231.htm
2020-09-30,STT,USD,0000093751,2020-10-23,2020-10-23 11:37:58,2020,Q3,80933000000,61780000000,142713000000,4208000000,0,-3329000000,143592000000,2982000000,7607000000,1870000000,9477000000,116024000000,0,0,128483000000,0,272075000000,0,10657000000,0,0,0,10657000000,13853000000,0,0,0,13853000000,222007000000,0,246517000000,2471000000,504000000,23128000000,-111000000,-434000000,25558000000,25558000000,272075000000,0,272075000000,177804000000,24510000000,-56423000000,https://www.sec.gov/Archives/edgar/data/93751/000009375120000978/0000093751-20-000978-index.htm,https://www.sec.gov/Archives/edgar/data/93751/000009375120000978/stt-20200930.htm
2020-06-30,STT,USD,0000093751,2020-07-27,2020-07-27 11:29:18,2020,Q2,95721000000,56231000000,151952000000,5611000000,0,110213000000,267776000000,3014000000,7538000000,1914000000,9452000000,112915000000,0,-112915000000,12466000000,0,280242000000,0,12173000000,0,0,227609000000,239782000000,15587000000,0,0,0,15587000000,0,0,255369000000,2471000000,504000000,22794000000,-430000000,-466000000,24873000000,24873000000,280242000000,0,280242000000,169146000000,27760000000,-67961000000,https://www.sec.gov/Archives/edgar/data/93751/000009375120000906/0000093751-20-000906-index.htm,https://www.sec.gov/Archives/edgar/data/93751/000009375120000906/stt-202063010q.htm
2020-03-31,STT,USD,0000093751,2020-04-28,2020-04-28 15:03:35,2020,Q1,155454000000,55843000000,211297000000,6067000000,0,-213508000000,3856000000,3040000000,7506000000,1963000000,9469000000,127510000000,0,129451000000,269470000000,0,273326000000,0,30500000000,0,0,292628000000,323128000000,15538000000,0,0,0,15538000000,0,0,338666000000,2471000000,504000000,22315000000,-920000000,-509000000,23861000000,23861000000,362527000000,0,362527000000,183353000000,46038000000,-109416000000,https://www.sec.gov/Archives/edgar/data/93751/000009375120000760/0000093751-20-000760-index.htm,https://www.sec.gov/Archives/edgar/data/93751/000009375120000760/stt-2020331.htm
2020-12-31,TFC,USD,0000092230,2021-02-24,2021-02-24 08:41:32,2020,Q4,18868000000,120788000000,139656000000,14644000000,0,194333000000,348633000000,7013000000,24447000000,5007000000,29454000000,124128000000,0,0,160595000000,0,509228000000,0,4792000000,0,0,0,4792000000,39597000000,0,0,0,39597000000,393927000000,0,438316000000,8048000000,6745000000,19455000000,716000000,35843000000,70807000000,70807000000,509123000000,0,509123000000,244916000000,44389000000,25521000000,https://www.sec.gov/Archives/edgar/data/92230/000009223021000032/0000092230-21-000032-index.htm,https://www.sec.gov/Archives/edgar/data/92230/000009223021000032/tfc-20201231.htm
2020-09-30,TFC,USD,0000092230,2020-11-02,2020-11-02 16:45:11,2020,Q3,37108000000,86132000000,123240000000,14825000000,0,235247000000,373312000000,7323000000,23869000000,4831000000,28700000000,89848000000,0,0,125871000000,0,499183000000,0,4904000000,0,0,0,4904000000,41008000000,0,0,0,41008000000,383298000000,0,429210000000,8048000000,6741000000,18834000000,470000000,35774000000,69867000000,69867000000,499077000000,0,499077000000,175980000000,45912000000,8804000000,https://www.sec.gov/Archives/edgar/data/92230/000009223020000114/0000092230-20-000114-index.htm,https://www.sec.gov/Archives/edgar/data/92230/000009223020000114/tfc-20200930.htm
2020-06-30,TFC,USD,0000092230,2020-08-04,2020-08-03 21:37:06,2020,Q2,41197000000,77805000000,119002000000,15651000000,0,252569000000,387222000000,7679000000,23882000000,5093000000,28975000000,80460000000,0,0,117114000000,0,504336000000,0,4505000000,0,0,0,4505000000,42133000000,0,0,0,42133000000,388815000000,0,435453000000,7143000000,6738000000,18373000000,847000000,35676000000,68777000000,68777000000,504230000000,0,504230000000,158265000000,46638000000,5441000000,https://www.sec.gov/Archives/edgar/data/92230/000009223020000099/0000092230-20-000099-index.htm,https://www.sec.gov/ix?doc=/Archives/edgar/data/92230/000009223020000099/tfc-20200630.htm
2020-03-31,TFC,USD,0000092230,2020-05-08,2020-05-08 17:08:36,2020,Q1,36348000000,78398000000,114746000000,16569000000,0,256838000000,388153000000,7498000000,23927000000,5318000000,29245000000,81333000000,0,0,118076000000,0,506229000000,0,12696000000,0,0,0,12696000000,65662000000,0,0,0,65662000000,361810000000,0,440168000000,4599000000,6737000000,18076000000,898000000,35584000000,65894000000,65894000000,506062000000,0,506062000000,159731000000,78358000000,42010000000,https://www.sec.gov/Archives/edgar/data/92230/000009223020000060/0000092230-20-000060-index.html,https://www.sec.gov/Archives/edgar/data/92230/000009223020000060/tfc-20200331.htm
2020-12-31,TROW,USD,0001113169,2021-02-11,2021-02-11 13:56:00,2020,Q4,2151700000,0,2151700000,863100000,0,0,3014800000,813000000,665700000,0,665700000,5946300000,0,219200000,7644200000,0,10659000000,187700000,0,85000000,0,0,272700000,154100000,0,0,963500000,1117600000,0,154100000,1390300000,0,45600000,7029800000,-23000000,654600000,7707000000,7707000000,9097300000,0,9097300000,0,154100000,-1997600000,https://www.sec.gov/Archives/edgar/data/1113169/000111316921000006/0001113169-21-000006-index.htm,https://www.sec.gov/Archives/edgar/data/1113169/000111316921000006/trow-20201231.htm
2020-09-30,TROW,USD,0001113169,2020-10-29,2020-10-29 11:49:13,2020,Q3,2228200000,0,2228200000,714800000,0,0,2943000000,821100000,665700000,0,665700000,5473100000,0,231700000,7191600000,0,10134600000,186900000,0,66700000,0,0,253600000,175300000,0,0,1237000000,1412300000,0,175300000,1665900000,0,45300000,6471300000,-42700000,654600000,7128500000,7128500000,8794400000,0,8794400000,0,175300000,-2052900000,https://www.sec.gov/Archives/edgar/data/1113169/000111316920000034/0001113169-20-000034-index.htm,https://www.sec.gov/Archives/edgar/data/1113169/000111316920000034/trow-20200930.htm
2020-06-30,TROW,USD,0001113169,2020-07-29,2020-07-29 10:31:52,2020,Q2,2058100000,0,2058100000,655700000,0,0,2713800000,816900000,665700000,0,665700000,5061500000,0,219400000,6763500000,0,9477300000,194300000,0,259300000,0,0,453600000,166400000,0,0,1016500000,1182900000,0,166400000,1636500000,0,45400000,6102900000,-52200000,654600000,6750700000,6750700000,8387200000,0,8387200000,0,166400000,-1891700000,https://www.sec.gov/Archives/edgar/data/1113169/000111316920000031/0001113169-20-000031-index.htm,https://www.sec.gov/Archives/edgar/data/1113169/000111316920000031/a10q-q22020.htm
2020-03-31,TROW,USD,0001113169,2020-04-28,2020-04-28 16:24:02,2020,Q1,1562400000,0,1562400000,585300000,0,0,2147700000,812800000,665700000,0,665700000,4755600000,0,255100000,6489200000,0,8636900000,198500000,0,58300000,0,0,256800000,172600000,0,0,802500000,975100000,0,172600000,1231900000,0,45600000,5782900000,-49100000,654600000,6434000000,6434000000,7665900000,0,7665900000,0,172600000,-1389800000,https://www.sec.gov/Archives/edgar/data/1113169/000111316920000022/0001113169-20-000022-index.html,https://www.sec.gov/Archives/edgar/data/1113169/000111316920000022/a10q-q12020.htm
2020-12-31,USB,USD,0000036104,2021-02-23,2021-02-23 17:13:37,2020,Q4,62580000000,136438000000,199018000000,13706000000,0,188493000000,401217000000,3468000000,9918000000,2864000000,12782000000,136438000000,0,0,152688000000,0,553905000000,0,9559000000,0,0,0,9559000000,41297000000,0,0,0,41297000000,449324000000,0,500180000000,5983000000,21000000,64188000000,322000000,-17419000000,53095000000,53095000000,553275000000,0,553275000000,272876000000,50856000000,-11724000000,https://www.sec.gov/Archives/edgar/data/36104/000119312521052547/0001193125-21-052547-index.htm,https://www.sec.gov/Archives/edgar/data/36104/000119312521052547/d14650d10k.htm
2020-09-30,USB,USD,0000036104,2020-11-05,2020-11-05 17:07:05,2020,Q3,44047000000,133428000000,177475000000,14060000000,0,199433000000,390968000000,3516000000,9889000000,2654000000,12543000000,133428000000,0,0,149487000000,0,540455000000,0,13723000000,0,0,0,13723000000,42443000000,0,0,0,42443000000,431094000000,0,487260000000,5984000000,21000000,63391000000,612000000,-17443000000,52565000000,52565000000,539825000000,0,539825000000,266856000000,56166000000,12119000000,https://www.sec.gov/Archives/edgar/data/36104/000119312520286983/0001193125-20-286983-index.htm,https://www.sec.gov/Archives/edgar/data/36104/000119312520286983/d947218d10q.htm
2020-06-30,USB,USD,0000036104,2020-08-06,2020-08-06 16:41:05,2020,Q2,52392000000,127103000000,179495000000,14052000000,0,210026000000,403573000000,3616000000,9842000000,2518000000,12360000000,127103000000,0,0,143079000000,0,546652000000,0,20595000000,0,0,0,20595000000,42579000000,0,0,0,42579000000,430998000000,0,494172000000,5984000000,21000000,62526000000,798000000,-17479000000,51850000000,51850000000,546022000000,0,546022000000,254206000000,63174000000,10782000000,https://www.sec.gov/Archives/edgar/data/36104/000119312520211979/0001193125-20-211979-index.htm,https://www.sec.gov/Archives/edgar/data/36104/000119312520211979/d890129d10q.htm
2020-03-31,USB,USD,0000036104,2020-05-07,2020-05-07 16:40:41,2020,Q1,46805000000,123058000000,169863000000,14142000000,0,219721000000,403726000000,3660000000,9836000000,2629000000,12465000000,123058000000,0,0,139183000000,0,542909000000,0,26344000000,0,0,0,26344000000,52298000000,0,0,0,52298000000,412105000000,0,490747000000,5984000000,21000000,62544000000,503000000,-17520000000,51532000000,51532000000,542279000000,0,542279000000,246116000000,78642000000,31837000000,https://www.sec.gov/Archives/edgar/data/36104/000119312520136359/0001193125-20-136359-index.html,https://www.sec.gov/Archives/edgar/data/36104/000119312520136359/d897119d10q.htm
2020-12-31,WFC,USD,0000072971,2021-02-23,2021-02-23 16:58:04,2020,Q4,264612000000,51444000000,316056000000,58824000000,0,0,0,20592000000,26392000000,7765000000,34157000000,563467000000,0,0,0,1955163000000,1955163000000,0,12637000000,0,0,0,0,212950000000,0,0,0,0,1769243000000,28000000,1769243000000,21136000000,9136000000,162890000000,194000000,-8469000000,184887000000,184887000000,1954130000000,0,1954130000000,614911000000,225587000000,-39025000000,https://www.sec.gov/Archives/edgar/data/72971/000007297121000197/0000072971-21-000197-index.htm,https://www.sec.gov/Archives/edgar/data/72971/000007297121000197/wfc-20201231.htm
2020-09-30,WFC,USD,0000072971,2020-11-02,2020-11-02 16:09:12,2020,Q3,246770000000,37492000000,284262000000,56353000000,0,0,0,20971000000,26387000000,8032000000,34419000000,527590000000,0,0,0,1922220000000,1922220000000,0,11169000000,0,0,0,0,215711000000,0,0,0,0,1740188000000,0,1740188000000,21098000000,9136000000,160913000000,-750000000,-9224000000,181173000000,181173000000,1921361000000,0,1921361000000,565082000000,226880000000,-19890000000,https://www.sec.gov/Archives/edgar/data/72971/000007297120000338/0000072971-20-000338-index.htm,https://www.sec.gov/Archives/edgar/data/72971/000007297120000338/wfc-20200930.htm
2020-06-30,WFC,USD,0000072971,2020-08-04,2020-08-04 09:53:20,2020,Q2,262503000000,32459000000,294962000000,54248000000,0,0,0,21503000000,26385000000,8555000000,34940000000,525074000000,0,0,0,1968766000000,1968766000000,0,10826000000,0,0,0,0,230921000000,0,0,0,0,1788644000000,0,1788644000000,21098000000,9136000000,159952000000,-798000000,-10002000000,179386000000,179386000000,1968030000000,0,1968030000000,557533000000,241747000000,-20756000000,https://www.sec.gov/Archives/edgar/data/72971/000007297120000288/0000072971-20-000288-index.htm,https://www.sec.gov/Archives/edgar/data/72971/000007297120000288/wfc-0630x2020x10q.htm
2020-03-31,WFC,USD,0000072971,2020-05-05,2020-05-05 15:25:29,2020,Q1,150809000000,22717000000,173526000000,71349000000,0,0,0,21882000000,26381000000,9931000000,36312000000,555610000000,0,0,0,1981349000000,1981349000000,0,13253000000,0,0,0,0,237342000000,0,0,0,0,1798019000000,0,1798019000000,21347000000,9136000000,165308000000,-1564000000,-11509000000,182718000000,182718000000,1980737000000,0,1980737000000,578327000000,250595000000,99786000000,https://www.sec.gov/Archives/edgar/data/72971/000007297120000236/0000072971-20-000236-index.html,https://www.sec.gov/Archives/edgar/data/72971/000007297120000236/wfc-0331x2020x10q.htm
2020-12-31,ZION,USD,0000109380,2021-02-25,2021-02-25 16:20:16,2020,Q4,1617000000,15877000000,17494000000,320000000,0,44533000000,62347000000,1209000000,1014000000,2000000,1016000000,16907000000,0,0,19132000000,0,81479000000,0,0,0,0,0,0,1336000000,0,0,0,1336000000,72257000000,4000000,73593000000,566000000,2686000000,4309000000,325000000,0,7886000000,7886000000,81479000000,0,81479000000,32784000000,1336000000,-281000000,https://www.sec.gov/Archives/edgar/data/109380/000010938021000082/0000109380-21-000082-index.htm,https://www.sec.gov/Archives/edgar/data/109380/000010938021000082/zions-20201231.htm
2020-09-30,ZION,USD,0000109380,2020-11-04,2020-11-04 16:56:48,2020,Q3,1432000000,14820000000,16252000000,319000000,0,43845000000,60416000000,1187000000,0,0,1016000000,15738000000,0,0,17941000000,0,78357000000,0,0,0,0,0,0,1347000000,0,0,0,1347000000,69342000000,4000000,70689000000,566000000,2680000000,4090000000,332000000,0,7668000000,7668000000,78357000000,0,78357000000,30558000000,1347000000,-85000000,https://www.sec.gov/Archives/edgar/data/109380/000010938020000254/0000109380-20-000254-index.htm,https://www.sec.gov/Archives/edgar/data/109380/000010938020000254/zions-20200930.htm
2020-06-30,ZION,USD,0000109380,2020-08-05,2020-08-05 15:41:54,2020,Q2,2149000000,14392000000,16541000000,324000000,0,42073000000,58938000000,1173000000,0,0,1014000000,15322000000,0,0,17509000000,0,76447000000,0,0,0,0,0,0,1353000000,0,0,0,1353000000,67519000000,4000000,68872000000,566000000,2675000000,3979000000,355000000,0,7575000000,7575000000,76447000000,0,76447000000,29714000000,1353000000,-796000000,https://www.sec.gov/Archives/edgar/data/109380/000010938020000212/0000109380-20-000212-index.htm,https://www.sec.gov/ix?doc=/Archives/edgar/data/109380/000010938020000212/zions-20200630.htm
2020-03-31,ZION,USD,0000109380,2020-05-06,2020-05-06 16:55:08,2020,Q1,1955000000,14343000000,16298000000,331000000,0,37413000000,54042000000,1144000000,0,0,1014000000,15267000000,0,0,17425000000,0,71467000000,0,0,0,0,0,0,1795000000,0,0,0,1795000000,62200000000,4000000,63995000000,566000000,2668000000,3979000000,259000000,0,7472000000,7472000000,71467000000,0,71467000000,29610000000,1795000000,-160000000,https://www.sec.gov/Archives/edgar/data/109380/000010938020000174/0000109380-20-000174-index.htm,https://www.sec.gov/ix?doc=/Archives/edgar/data/109380/000010938020000174/zions-20200331.htm
