date,symbol,reportedCurrency,cik,fillingDate,acceptedDate,calendarYear,period,netIncome,depreciationAndAmortization,deferredIncomeTax,stockBasedCompensation,changeInWorkingCapital,accountsReceivables,inventory,accountsPayables,otherWorkingCapital,otherNonCashItems,netCashProvidedByOperatingActivities,investmentsInPropertyPlantAndEquipment,acquisitionsNet,purchasesOfInvestments,salesMaturitiesOfInvestments,otherInvestingActivites,netCashUsedForInvestingActivites,debtRepayment,commonStockIssued,commonStockRepurchased,dividendsPaid,otherFinancingActivites,netCashUsedProvidedByFinancingActivities,effectOfForexChangesOnCash,netChangeInCash,cashAtEndOfPeriod,cashAtBeginningOfPeriod,operatingCashFlow,capitalExpenditure,freeCashFlow,link,finalLink
2020-12-31,AMP,USD,0000820027,2021-02-24,2021-02-24 15:26:03,2020,Q4,177000000,57000000.0,-519000000.0,39000000,-788000000,216000000,0,0,116000000,18000000,-1016000000.0,0.0,0,-3717000000,3219000000,25000000.0,-473000000.0,-21000000,0,-405000000,-122000000.0,707000000.0,159000000.0,14000000.0,-1316000000,8903000000,10219000000,-1016000000.0,-40000000.0,-1056000000.0,https://www.sec.gov/Archives/edgar/data/820027/000082002721000012/0000820027-21-000012-index.htm,https://www.sec.gov/Archives/edgar/data/820027/000082002721000012/amp-20201231.htm
2020-09-30,AMP,USD,0000820027,2020-11-09,2020-11-09 15:43:47,2020,Q3,-140000000,54000000.0,-323000000.0,35000000,1319000000,-216000000,0,0,718000000,-9000000,936000000.0,0.0,0,-4481000000,2940000000,16000000.0,-1525000000.0,-22000000,0,-320000000,-125000000.0,1143000000.0,676000000.0,13000000.0,100000000,10219000000,10119000000,936000000.0,-45000000.0,891000000.0,https://www.sec.gov/Archives/edgar/data/820027/000082002720000074/0000820027-20-000074-index.htm,https://www.sec.gov/Archives/edgar/data/820027/000082002720000074/amp-20200930.htm
2020-06-30,AMP,USD,0000820027,2020-08-10,2020-08-10 16:55:25,2020,Q2,-539000000,49000000.0,-752000000.0,36000000,998000000,0,0,0,1284000000,18000000,-190000000.0,0.0,0,-3871000000,3044000000,-29000000.0,-856000000.0,-11000000,0,-236000000,-128000000.0,-136000000.0,-511000000.0,-1000000.0,-1558000000,10119000000,11677000000,-190000000.0,-33000000.0,-223000000.0,https://www.sec.gov/Archives/edgar/data/820027/000082002720000064/0000820027-20-000064-index.htm,https://www.sec.gov/Archives/edgar/data/820027/000082002720000064/amp-20200630.htm
2020-03-31,AMP,USD,0000820027,2020-05-11,2020-05-11 15:58:40,2020,Q1,2036000000,47000000.0,1273000000.0,36000000,1463000000,0,0,0,-1556000000,38000000,4893000000.0,0.0,0,-3035000000,2996000000,-1000000.0,-40000000.0,-782000000,0,-480000000,-122000000.0,2012000000.0,628000000.0,-17000000.0,5464000000,11677000000,6213000000,4893000000.0,-29000000.0,4864000000.0,https://www.sec.gov/Archives/edgar/data/820027/000082002720000042/0000820027-20-000042-index.htm,https://www.sec.gov/Archives/edgar/data/820027/000082002720000010/amp12312019.htm
2020-12-31,BAC,USD,0000070858,2021-02-24,2021-02-24 16:56:31,2020,Q4,5470000000,487000000.0,257000000.0,434000000,49750000000,0,0,0,42445000000,-1804000000,54594000000.0,0.0,0,-176797000000,75888000000,47027000000.0,-53882000000.0,-10825000000,0,-263000000,-1828000000.0,90854000000.0,77938000000.0,807000000.0,79457000000,380463000000,301006000000,54594000000.0,0.0,54594000000.0,https://www.sec.gov/Archives/edgar/data/70858/000007085821000023/0000070858-21-000023-index.htm,https://www.sec.gov/Archives/edgar/data/70858/000007085821000023/bac-20201231.htm
2020-09-30,BAC,USD,0000070858,2020-10-30,2020-10-30 16:57:16,2020,Q3,4881000000,476000000.0,-1308000000.0,520000000,-42455000000,0,0,0,-26568000000,5248000000,-32638000000.0,0.0,0,-209372000000,96631000000,167718000000.0,54977000000.0,-16247000000,0,-114000000,-1983000000.0,5946000000.0,-12398000000.0,1719000000.0,11660000000,301006000000,289346000000,-32638000000.0,0.0,-32638000000.0,https://www.sec.gov/Archives/edgar/data/70858/000007085820000071/0000070858-20-000071-index.htm,https://www.sec.gov/Archives/edgar/data/70858/000007085820000071/bac-20200930.htm
2020-06-30,BAC,USD,0000070858,2020-07-31,2020-07-30 19:25:26,2020,Q2,3533000000,448000000.0,-457000000.0,534000000,-15626000000,0,0,0,-28550000000,8562000000,-3006000000.0,0.0,0,-40980000000,51306000000,-98675000000.0,-88349000000.0,-13033000000,0,-286000000,-1833000000.0,144284000000.0,129132000000.0,1179000000.0,38956000000,289346000000,250390000000,-3006000000.0,0.0,-3006000000.0,https://www.sec.gov/Archives/edgar/data/70858/000007085820000040/0000070858-20-000040-index.htm,https://www.sec.gov/Archives/edgar/data/70858/000007085820000040/bac-0630202010xq.htm
2020-03-31,BAC,USD,0000070858,2020-05-01,2020-05-01 16:56:46,2020,Q1,4010000000,432000000.0,-229000000.0,543000000,8005000000,0,0,0,29615000000,6282000000,19043000000.0,0.0,0,-25263000000,38618000000,-103766000000.0,-90411000000.0,-7843000000,0,-7434000000,-2083000000.0,178507000000.0,161147000000.0,-949000000.0,88830000000,250390000000,161560000000,19043000000.0,0.0,19043000000.0,https://www.sec.gov/Archives/edgar/data/70858/000007085820000023/0000070858-20-000023-index.htm,https://www.sec.gov/Archives/edgar/data/70858/000007085820000023/bac-0331202010xq.htm
2020-09-30,BEN,USD,0000038777,2020-11-23,2020-11-20 20:08:41,2020,Q4,78900000,56100000.0,27400000.0,35400000,290600000,0,0,-83000000,50000000,-113600000,374800000.0,-18400000.0,-3739600000,-108300000,337300000,16800000.0,-3512200000.0,-139900000,8500000,-29900000,-134100000.0,393200000.0,97800000.0,21200000.0,-3018400000,3957500000,6975900000,374800000.0,-18400000.0,356400000.0,https://www.sec.gov/Archives/edgar/data/38777/000003877720000203/0000038777-20-000203-index.htm,https://www.sec.gov/Archives/edgar/data/38777/000003877720000203/form10-k93020.htm
2020-06-30,BEN,USD,0000038777,2020-07-28,2020-07-28 08:34:54,2020,Q3,290400000,22200000.0,-43100000.0,29100000,449700000,0,0,45400000,99300000,-242700000,505600000.0,-11800000.0,-62000000,182700000,211500000,-57400000.0,263000000.0,-1200000,0,-900000,-133900000.0,296500000.0,160500000.0,11000000.0,940100000,6975900000,6035800000,505600000.0,-11800000.0,493800000.0,https://www.sec.gov/Archives/edgar/data/38777/000003877720000138/0000038777-20-000138-index.htm,https://www.sec.gov/Archives/edgar/data/38777/000003877720000138/form10q63020.htm
2020-03-31,BEN,USD,0000038777,2020-04-30,2020-04-30 08:37:20,2020,Q2,79100000,23400000.0,-5100000.0,29800000,-146400000,0,0,13900000,-9000000,128500000,109300000.0,-47800000.0,-18800000,-233300000,335600000,0.0,35700000.0,0,0,-66000000,-134600000.0,145800000.0,-54800000.0,-30700000.0,59500000,6035800000,5976300000,109300000.0,-47800000.0,61500000.0,https://www.sec.gov/Archives/edgar/data/38777/000003877720000106/0000038777-20-000106-index.html,https://www.sec.gov/Archives/edgar/data/38777/000003877720000106/form10q33120.htm
2019-12-31,BEN,USD,0000038777,2020-01-30,2020-01-30 08:36:00,2020,Q1,350500000,26800000.0,13700000.0,28000000,-100900000,0,0,-3100000,-149900000,-286400000,31700000.0,-25700000.0,-1000000,-90500000,87600000,0.0,-29600000.0,-200000,0,-121400000,-130600000.0,242900000.0,-9300000.0,25900000.0,18700000,5976300000,5957600000,31700000.0,-25700000.0,6000000.0,https://www.sec.gov/Archives/edgar/data/38777/000003877720000011/0000038777-20-000011-index.html,https://www.sec.gov/Archives/edgar/data/38777/000003877720000011/form10q123119.htm
2020-12-31,BK,USD,0001390777,2021-02-25,2021-02-25 06:48:25,2020,Q4,750000000,455000000.0,158000000.0,0,-2230000000,0,0,0,-2230000000,2000000,-865000000.0,-266000000.0,0,-17714000000,16765000000,-32940000000.0,-34155000000.0,-800000000,3000000,-584000000,-312000000.0,39066000000.0,37373000000.0,71000000.0,2424000000,9419000000,6995000000,-865000000.0,-266000000.0,-1131000000.0,https://www.sec.gov/Archives/edgar/data/1390777/000139077721000037/0001390777-21-000037-index.htm,https://www.sec.gov/Archives/edgar/data/1390777/000139077721000037/bk-20201231.htm
2020-09-30,BK,USD,0001390777,2020-11-05,2020-11-05 06:43:11,2020,Q3,937000000,431000000.0,12000000.0,0,-596000000,0,0,0,-596000000,-6000000,778000000.0,-333000000.0,0,-21003000000,20558000000,15224000000.0,14446000000.0,-1400000000,3000000,0,-339000000.0,-13519000000.0,-15255000000.0,40000000.0,9000000,6995000000,6986000000,778000000.0,-333000000.0,445000000.0,https://www.sec.gov/Archives/edgar/data/1390777/000139077720000090/0001390777-20-000090-index.htm,https://www.sec.gov/Archives/edgar/data/1390777/000139077720000090/bk-20200930.htm
2020-06-30,BK,USD,0001390777,2020-08-06,2020-08-06 06:36:14,2020,Q2,950000000,390000000.0,-63000000.0,0,5405000000,0,0,0,5405000000,128000000,6810000000.0,-359000000.0,0,-31991000000,17760000000,34445000000.0,19855000000.0,-1250000000,3000000,-3000000,-327000000.0,-27913000000.0,-29490000000.0,6000000.0,-2819000000,6986000000,9805000000,6810000000.0,-359000000.0,6451000000.0,https://www.sec.gov/Archives/edgar/data/1390777/000139077720000072/0001390777-20-000072-index.htm,https://www.sec.gov/Archives/edgar/data/1390777/000139077720000072/form10-q2q20.htm
2020-03-31,BK,USD,0001390777,2020-05-07,2020-05-07 06:38:12,2020,Q1,980000000,354000000.0,-300000000.0,0,-2873000000,0,0,0,-2873000000,154000000,-1685000000.0,-264000000.0,0,-27373000000,12707000000,-63671000000.0,-78601000000.0,-1750000000,3000000,-985000000,-318000000.0,85930000000.0,82880000000.0,-56000000.0,2538000000,9805000000,7267000000,-1685000000.0,-264000000.0,-1949000000.0,https://www.sec.gov/Archives/edgar/data/1390777/000139077720000062/0001390777-20-000062-index.html,https://www.sec.gov/Archives/edgar/data/1390777/000139077720000062/form10-q1q20.htm
2020-12-31,BLK,USD,0001364742,2021-02-25,2021-02-25 15:55:29,2020,Q4,1548000000,16000000.0,-177000000.0,164000000,1180000000,231000000,0,0,693000000,-752000000,1979000000.0,-54000000.0,0,-136000000,54000000,59000000.0,-77000000.0,0,0,-17000000,-554000000.0,709000000.0,138000000.0,117000000.0,2157000000,8681000000,6524000000,1979000000.0,-54000000.0,1925000000.0,https://www.sec.gov/Archives/edgar/data/1364742/000156459021008796/0001564590-21-008796-index.htm,https://www.sec.gov/Archives/edgar/data/1364742/000156459021008796/blk-10k_20201231.htm
2020-09-30,BLK,USD,0001364742,2020-11-05,2020-11-05 14:59:31,2020,Q3,1364000000,117000000.0,87000000.0,160000000,168000000,-664000000,0,0,679000000,-901000000,995000000.0,-40000000.0,0,-74000000,64000000,31000000.0,-19000000.0,0,0,-10000000,-556000000.0,558000000.0,0.0,65000000.0,1041000000,6524000000,5483000000,995000000.0,-40000000.0,955000000.0,https://www.sec.gov/Archives/edgar/data/1364742/000156459020051202/0001564590-20-051202-index.htm,https://www.sec.gov/Archives/edgar/data/1364742/000156459020051202/blk-10q_20200930.htm
2020-06-30,BLK,USD,0001364742,2020-08-07,2020-08-07 19:42:49,2020,Q2,1214000000,114000000.0,66000000.0,149000000,320000000,125000000,0,0,337000000,-156000000,1707000000.0,-48000000.0,0,-160000000,52000000,32000000.0,-124000000.0,0,0,-1125000000,-554000000.0,1157000000.0,-522000000.0,-1000000.0,1060000000,5483000000,4423000000,1707000000.0,-48000000.0,1659000000.0,https://www.sec.gov/Archives/edgar/data/1364742/000156459020038433/0001564590-20-038433-index.htm,https://www.sec.gov/Archives/edgar/data/1364742/000156459020038433/blk-10q_20200630.htm
2020-03-31,BLK,USD,0001364742,2020-05-08,2020-05-08 12:02:08,2020,Q1,806000000,111000000.0,-133000000.0,149000000,-1499000000,-5000000,0,0,-1222000000,-372000000,-938000000.0,-52000000.0,0,-60000000,17000000,61000000.0,-34000000.0,0,0,-657000000,-596000000.0,1881000000.0,628000000.0,-79000000.0,-423000000,4423000000,4846000000,-938000000.0,-52000000.0,-990000000.0,https://www.sec.gov/Archives/edgar/data/1364742/000156459020023352/0001564590-20-023352-index.htm,https://www.sec.gov/Archives/edgar/data/1364742/000156459020007807/blk-10k_20191231.htm
2020-12-31,C,USD,0000831001,2021-02-26,2021-02-26 16:44:10,2020,Q4,3973000000,1051000000.0,0.0,0,-2440000000,0,0,0,-2885000000,-951000000,1633000000.0,0.0,0,-58816000000,61801000000,-15097000000.0,-12112000000.0,-15881000000,0,0,-1328000000.0,14772000000.0,-2437000000.0,-1164000000.0,-14080000000,309615000000,323695000000,1633000000.0,-1146000000.0,487000000.0,https://www.sec.gov/Archives/edgar/data/831001/000083100121000042/0000831001-21-000042-index.htm,https://www.sec.gov/Archives/edgar/data/831001/000083100121000042/c-20201231.htm
2020-09-30,C,USD,0000831001,2020-11-04,2020-11-04 16:50:00,2020,Q3,3237000000,1033000000.0,0.0,0,2896000000,0,0,0,5598000000,-10212000000,-3046000000.0,0.0,0,-68383000000,68613000000,8259000000.0,8489000000.0,-15224000000,0,0,-1345000000.0,24878000000.0,8309000000.0,170000000.0,13922000000,323695000000,309773000000,-3046000000.0,-982000000.0,-4028000000.0,https://www.sec.gov/Archives/edgar/data/831001/000083100120000110/0000831001-20-000110-index.htm,https://www.sec.gov/Archives/edgar/data/831001/000083100120000110/c-20200930.htm
2020-06-30,C,USD,0000831001,2020-08-05,2020-08-04 18:33:06,2020,Q2,1317000000,926000000.0,0.0,0,-3135000000,0,0,0,-8938000000,7217000000,6325000000.0,0.0,0,-99043000000,66498000000,13713000000.0,-18832000000.0,-19216000000,0,0,-1314000000.0,56895000000.0,36365000000.0,-5000000.0,23853000000,309773000000,285920000000,6325000000.0,-858000000.0,5467000000.0,https://www.sec.gov/Archives/edgar/data/831001/000083100120000078/0000831001-20-000078-index.htm,https://www.sec.gov/ix?doc=/Archives/edgar/data/831001/000083100120000078/c-20200630.htm
2020-03-31,C,USD,0000831001,2020-05-04,2020-05-04 17:27:21,2020,Q1,2540000000,927000000.0,0.0,0,-50503000000,0,0,0,-47705000000,21503000000,-25533000000.0,0.0,0,-108658000000,73602000000,-37801000000.0,-72857000000.0,-13081000000,0,-4425000000,-1365000000.0,210229000000.0,191358000000.0,-967000000.0,92001000000,285920000000,193919000000,-25533000000.0,-460000000.0,-25993000000.0,https://www.sec.gov/Archives/edgar/data/831001/000083100120000044/0000831001-20-000044-index.htm,https://www.sec.gov/Archives/edgar/data/831001/000083100120000044/c-3312020x10q.htm
2020-12-31,CFG,USD,0000759944,2021-02-23,2021-02-23 16:04:16,2020,Q4,456000000,159000000.0,13000000.0,14000000,-587000000,0,0,0,0,811000000,866000000.0,0.0,0,-3724000000,2963000000,124000000.0,-637000000.0,-803000000,0,0,-193000000.0,4284000000.0,3288000000.0,0.0,3517000000,12733000000,9216000000,866000000.0,0.0,748000000.0,https://www.sec.gov/Archives/edgar/data/759944/000075994421000034/0000759944-21-000034-index.htm,https://www.sec.gov/Archives/edgar/data/759944/000075994421000034/cfg-20201231.htm
2020-09-30,CFG,USD,0000759944,2020-11-04,2020-11-04 16:02:24,2020,Q3,314000000,103000000.0,-43000000.0,11000000,-236000000,0,0,0,0,509000000,658000000.0,0.0,0,-2236000000,2392000000,1944000000.0,2100000000.0,-5000000,0,0,-196000000.0,-787000000.0,-988000000.0,0.0,1770000000,9216000000,7446000000,658000000.0,0.0,711000000.0,https://www.sec.gov/Archives/edgar/data/759944/000075994420000099/0000759944-20-000099-index.htm,https://www.sec.gov/Archives/edgar/data/759944/000075994420000099/citizens10-qxq32020.htm
2020-06-30,CFG,USD,0000759944,2020-08-06,2020-08-06 10:12:58,2020,Q2,253000000,112000000.0,-74000000.0,2000000,-963000000,0,0,0,0,584000000,-86000000.0,0.0,0,-1089000000,1929000000,329000000.0,1169000000.0,-8753000000,0,0,-190000000.0,11248000000.0,2305000000.0,0.0,3388000000,7446000000,4058000000,-86000000.0,-37000000.0,-123000000.0,https://www.sec.gov/Archives/edgar/data/759944/000075994420000082/0000759944-20-000082-index.htm,https://www.sec.gov/Archives/edgar/data/759944/000075994420000082/citizens10-qxq22020.htm
2020-03-31,CFG,USD,0000759944,2020-05-07,2020-05-07 16:31:10,2020,Q1,34000000,204000000.0,-134000000.0,21000000,-1192000000,0,0,0,0,-260000000,-1327000000.0,0.0,-3000000,-2222000000,1141000000,-7684000000.0,-8768000000.0,-4500000000,0,-270000000,-191000000.0,15728000000.0,10767000000.0,0.0,672000000,4058000000,3386000000,-1327000000.0,-16000000.0,-1343000000.0,https://www.sec.gov/Archives/edgar/data/759944/000075994420000066/0000759944-20-000066-index.htm,https://www.sec.gov/Archives/edgar/data/759944/000075994420000066/citizens10-qxq12020.htm
2020-12-31,CMA,USD,0000028412,2021-02-09,2021-02-09 17:04:08,2020,Q4,215000000,26000000.0,15000000.0,6000000,-39000000,0,0,0,-53000000,-15000000,208000000.0,-28000000.0,0,-1008000000,1006000000,58000000.0,28000000.0,0,2000000,0,-101000000.0,4489000000.0,4390000000.0,0.0,4626000000,15767000000,11141000000,208000000.0,-28000000.0,180000000.0,https://www.sec.gov/Archives/edgar/data/28412/000002841221000054/0000028412-21-000054-index.htm,https://www.sec.gov/Archives/edgar/data/28412/000002841221000054/cma-20201231.htm
2020-09-30,CMA,USD,0000028412,2020-10-30,2020-10-30 16:56:17,2020,Q3,211000000,27000000.0,-9000000.0,6000000,-263000000,0,0,0,-266000000,4000000,-24000000.0,-22000000.0,0,-3409000000,1033000000,1112000000.0,-1286000000.0,-750000000,-3000000,0,-91000000.0,-16000000.0,-860000000.0,0.0,-2170000000,11141000000,13311000000,-24000000.0,-22000000.0,-46000000.0,https://www.sec.gov/Archives/edgar/data/28412/000002841220000105/0000028412-20-000105-index.htm,https://www.sec.gov/Archives/edgar/data/28412/000002841220000105/cma-20200930.htm
2020-06-30,CMA,USD,0000028412,2020-07-31,2020-07-30 19:53:09,2020,Q2,113000000,29000000.0,-22000000.0,4000000,-208000000,0,0,0,-191000000,129000000,45000000.0,-14000000.0,0,-467000000,713000000,-42000000.0,190000000.0,0,2000000,0,-96000000.0,8315000000.0,8221000000.0,0.0,8456000000,13311000000,4855000000,45000000.0,-14000000.0,31000000.0,https://www.sec.gov/Archives/edgar/data/28412/000002841220000088/0000028412-20-000088-index.htm,https://www.sec.gov/Archives/edgar/data/28412/000002841220000088/cma-20200630.htm
2020-03-31,CMA,USD,0000028412,2020-04-29,2020-04-29 16:58:36,2020,Q1,-65000000,26000000.0,-73000000.0,8000000,395000000,0,0,0,399000000,408000000,699000000.0,-15000000.0,0,-920000000,598000000,-3197000000.0,-3534000000.0,0,3000000,-199000000,-95000000.0,2163000000.0,1872000000.0,0.0,-963000000,4855000000,5818000000,699000000.0,-15000000.0,684000000.0,https://www.sec.gov/Archives/edgar/data/28412/000002841220000068/0000028412-20-000068-index.html,https://www.sec.gov/Archives/edgar/data/28412/000002841220000068/a2020q110q.htm
2020-12-31,FITB,USD,0000035527,2021-02-26,2021-02-26 16:58:20,2020,Q4,604000000,134000000.0,12000000.0,23000000,-112000000,0,0,0,-112000000,-2305000000,-1644000000.0,-62000000.0,-4000000,-3809000000,1846000000,1720000000.0,-309000000.0,-145000000,0,0,-229000000.0,2478000000.0,2104000000.0,0.0,151000000,3147000000,2996000000,-1644000000.0,-62000000.0,-1706000000.0,https://www.sec.gov/Archives/edgar/data/35527/000003552721000100/0000035527-21-000100-index.htm,https://www.sec.gov/Archives/edgar/data/35527/000003552721000100/fitb-20201231.htm
2020-09-30,FITB,USD,0000035527,2020-11-05,2020-11-05 16:23:49,2020,Q3,580000000,127000000.0,-126000000.0,23000000,192000000,0,0,0,192000000,-733000000,63000000.0,-143000000.0,0,-3795000000,1484000000,3552000000.0,1098000000.0,-1204000000,0,0,-212000000.0,30000000.0,-1386000000.0,0.0,-225000000,2996000000,3221000000,63000000.0,-143000000.0,-80000000.0,https://www.sec.gov/Archives/edgar/data/35527/000003552720000107/0000035527-20-000107-index.htm,https://www.sec.gov/Archives/edgar/data/35527/000003552720000107/fitb-20200930.htm
2020-06-30,FITB,USD,0000035527,2020-08-07,2020-08-07 15:03:29,2020,Q2,197000000,113000000.0,-45000000.0,24000000,-10000000,0,0,0,-10000000,1240000000,1519000000.0,-79000000.0,0,-22169000000,760000000,2978000000.0,-18510000000.0,-1270000000,0,0,-227000000.0,18427000000.0,16930000000.0,0.0,-61000000,3221000000,3282000000,1519000000.0,-79000000.0,1440000000.0,https://www.sec.gov/Archives/edgar/data/35527/000003552720000077/0000035527-20-000077-index.htm,https://www.sec.gov/Archives/edgar/data/35527/000003552720000077/fitb-20200630.htm
2020-03-31,FITB,USD,0000035527,2020-05-08,2020-05-08 16:31:09,2020,Q1,46000000,118000000.0,-3000000.0,53000000,-564000000,0,0,0,-564000000,783000000,433000000.0,-74000000.0,0,-6939000000,1368000000,-8536000000.0,-14181000000.0,-180000000,0,0,-190000000.0,14122000000.0,13752000000.0,0.0,4000000,3282000000,3278000000,433000000.0,-74000000.0,359000000.0,https://www.sec.gov/Archives/edgar/data/35527/000119312520137598/0001193125-20-137598-index.htm,https://www.sec.gov/Archives/edgar/data/35527/000119312520137598/d840512d10q.htm
2020-12-31,HBAN,USD,0000049196,2021-02-26,2021-02-26 17:19:33,2020,Q4,316000000,109000000.0,30000000.0,17000000,-512000000,0,0,0,-8000000,104000000,64000000.0,-37000000.0,0,-5050000000,2968000000,-368000000.0,-2487000000.0,-834000000,0,-4000000,-183000000.0,3764000000.0,2743000000.0,0.0,320000000,6595000000,6275000000,64000000.0,-37000000.0,27000000.0,https://www.sec.gov/Archives/edgar/data/49196/000004919621000018/0000049196-21-000018-index.htm,https://www.sec.gov/Archives/edgar/data/49196/000004919621000018/hban-20201231.htm
2020-09-30,HBAN,USD,0000049196,2020-10-30,2020-10-30 16:39:25,2020,Q3,303000000,80000000.0,-57000000.0,20000000,25000000,0,0,0,-9000000,178000000,549000000.0,-33000000.0,0,-3248000000,2588000000,-1090000000.0,-1783000000.0,-584000000,0,0,-171000000.0,1971000000.0,1216000000.0,0.0,-18000000,6275000000,6293000000,549000000.0,-33000000.0,516000000.0,https://www.sec.gov/Archives/edgar/data/49196/000004919620000059/0000049196-20-000059-index.htm,https://www.sec.gov/Archives/edgar/data/49196/000004919620000059/hban-20200930.htm
2020-06-30,HBAN,USD,0000049196,2020-07-31,2020-07-31 16:51:40,2020,Q2,150000000,59000000.0,-29000000.0,25000000,-316000000,0,0,0,-9000000,323000000,212000000.0,-38000000.0,0,-275000000,2489000000,-2223000000.0,-47000000.0,-94000000,0,0,-171000000.0,4626000000.0,4361000000.0,0.0,4526000000,6293000000,1767000000,212000000.0,-38000000.0,174000000.0,https://www.sec.gov/Archives/edgar/data/49196/000004919620000046/0000049196-20-000046-index.htm,https://www.sec.gov/Archives/edgar/data/49196/000004919620000046/hban2020063010q.htm
2020-03-31,HBAN,USD,0000049196,2020-05-01,2020-05-01 16:40:34,2020,Q1,48000000,119000000.0,-37000000.0,15000000,-88000000,0,0,0,63000000,441000000,498000000.0,-11000000.0,0,-2531000000,1086000000,-2866000000.0,-4322000000.0,-1540000000,0,-88000000,-173000000.0,6222000000.0,4421000000.0,0.0,597000000,1767000000,1170000000,498000000.0,-11000000.0,487000000.0,https://www.sec.gov/Archives/edgar/data/49196/000004919620000028/0000049196-20-000028-index.html,https://www.sec.gov/Archives/edgar/data/49196/000004919620000028/hban2020033110q.htm
2020-12-31,IVZ,USD,0000914208,2021-02-19,2021-02-19 07:49:21,2020,Q4,270300000,53200000.0,0.0,50300000,222800000,0,0,0,-6757500000,-29000000,567600000.0,-41400000.0,0,-980200000,979800000,5700000.0,-36100000.0,-17700000,0,-6400000,-130700000.0,99200000.0,-55600000.0,46400000.0,518700000,1839300000,1320600000,567600000.0,-41400000.0,526200000.0,https://www.sec.gov/Archives/edgar/data/914208/000091420821000331/0000914208-21-000331-index.htm,https://www.sec.gov/Archives/edgar/data/914208/000091420821000331/ivz-20201231.htm
2020-09-30,IVZ,USD,0000914208,2020-10-30,2020-10-30 07:37:39,2020,Q3,250900000,51600000.0,0.0,43000000,147800000,0,0,0,-7308400000,-91500000,401800000.0,-26400000.0,0,-906300000,810800000,35900000.0,-86000000.0,-87300000,0,-5800000,-130600000.0,-77900000.0,-301600000.0,35300000.0,49400000,1320600000,1271200000,401800000.0,-26400000.0,375400000.0,https://www.sec.gov/Archives/edgar/data/914208/000091420820000440/0000914208-20-000440-index.htm,https://www.sec.gov/Archives/edgar/data/914208/000091420820000440/ivz10q3q2020.htm
2020-06-30,IVZ,USD,0000914208,2020-07-31,2020-07-31 08:39:44,2020,Q2,99700000,50300000.0,0.0,47800000,79900000,0,0,0,-7410600000,60200000,337900000.0,-28000000.0,0,-1191100000,896900000,31200000.0,-291000000.0,-182300000,0,-3400000,-132800000.0,293500000.0,-25000000.0,10300000.0,41700000,1271200000,1229500000,337900000.0,-28000000.0,309900000.0,https://www.sec.gov/Archives/edgar/data/914208/000091420820000375/0000914208-20-000375-index.htm,https://www.sec.gov/Archives/edgar/data/914208/000091420820000375/ivz10q2q2020.htm
2020-03-31,IVZ,USD,0000914208,2020-04-23,2020-04-23 16:23:25,2020,Q1,140700000,48400000.0,0.0,47400000,-518800000,0,0,0,-9119900000,205300000,-77000000.0,-19200000.0,0,-1624600000,1238000000,-46200000.0,-452000000.0,-503800000,0,-31500000,-200100000.0,831700000.0,96300000.0,-38700000.0,-471700000,1229500000,1701200000,-77000000.0,-19200000.0,-96200000.0,https://www.sec.gov/Archives/edgar/data/914208/000091420820000295/0000914208-20-000295-index.html,https://www.sec.gov/Archives/edgar/data/914208/000091420820000295/ivz10q1q2020.htm
2020-12-31,JPM,USD,0000019617,2021-02-23,2021-02-23 16:17:29,2020,Q4,12136000000,2127000000.0,1455000000.0,0,-44449000000,-13614000000,0,-8781000000,-8168000000,679000000,-28052000000.0,0.0,0,-122870000000,63232000000,-4068000000.0,-63706000000.0,-14574000000,0,0,-3139000000.0,143671000000.0,125958000000.0,5887000000.0,40087000000,527609000000,487522000000,-28052000000.0,0.0,-28052000000.0,https://www.sec.gov/Archives/edgar/data/19617/000001961721000236/0000019617-21-000236-index.htm,https://www.sec.gov/Archives/edgar/data/19617/000001961721000236/jpm-20201231.htm
2020-09-30,JPM,USD,0000019617,2020-11-02,2020-11-02 16:23:19,2020,Q3,9443000000,2141000000.0,-590000000.0,0,-35700000000,-4772000000,0,-2332000000,-24205000000,9880000000,-14826000000.0,0.0,0,-39053000000,66884000000,-42420000000.0,-14589000000.0,-47537000000,0,0,-3209000000.0,69997000000.0,19251000000.0,3957000000.0,-6207000000,487522000000,493729000000,-14826000000.0,0.0,-14826000000.0,https://www.sec.gov/Archives/edgar/data/19617/000001961720000438/0000019617-20-000438-index.htm,https://www.sec.gov/Archives/edgar/data/19617/000001961720000438/jpm-20200930.htm
2020-06-30,JPM,USD,0000019617,2020-08-03,2020-08-03 16:13:32,2020,Q2,4687000000,2149000000.0,-3517000000.0,0,68558000000,49697000000,0,-26079000000,7204000000,11863000000,83740000000.0,0.0,0,-115812000000,32668000000,34677000000.0,-48467000000.0,-13887000000,0,0,-3154000000.0,106172000000.0,89131000000.0,1791000000.0,126195000000,493729000000,367534000000,83740000000.0,0.0,83740000000.0,https://www.sec.gov/Archives/edgar/data/19617/000001961720000372/0000019617-20-000372-index.htm,https://www.sec.gov/Archives/edgar/data/19617/000001961720000372/corpq22020.htm
2020-03-31,JPM,USD,0000019617,2020-05-07,2020-05-07 16:37:43,2020,Q1,2865000000,2197000000.0,-1329000000.0,0,-133313000000,-49323000000,0,45019000000,-67116000000,8808000000,-120772000000.0,0.0,0,-131810000000,66009000000,-69349000000.0,-135150000000.0,-29057000000,0,-7947000000,-3188000000.0,402497000000.0,362305000000.0,-2480000000.0,103903000000,367534000000,263631000000,-120772000000.0,0.0,-120772000000.0,https://www.sec.gov/Archives/edgar/data/19617/000001961720000299/0000019617-20-000299-index.html,https://www.sec.gov/Archives/edgar/data/19617/000001961720000299/corpq12020.htm
2020-12-31,KEY,USD,0000091576,2021-02-22,2021-02-22 14:55:27,2020,Q4,582000000,-1000000.0,26000000.0,26000000,-2000000,0,0,0,-2000000,315000000,946000000.0,-18000000.0,0,-8107000000,6096000000,1851000000.0,-178000000.0,1000000,1000000,-17000000,-207000000.0,-411000000.0,-633000000.0,0.0,135000000,1091000000,956000000,946000000.0,-18000000.0,928000000.0,https://www.sec.gov/Archives/edgar/data/91576/000009157621000044/0000091576-21-000044-index.htm,https://www.sec.gov/Archives/edgar/data/91576/000009157621000044/key-20201231.htm
2020-09-30,KEY,USD,0000091576,2020-11-03,2020-11-03 10:02:43,2020,Q3,428000000,26000000.0,-69000000.0,24000000,-88000000,0,0,0,-88000000,301000000,622000000.0,-18000000.0,0,-5153000000,2468000000,2904000000.0,201000000.0,-1002000000,1000000,0,-207000000.0,282000000.0,-926000000.0,0.0,-103000000,956000000,1059000000,622000000.0,-18000000.0,604000000.0,https://www.sec.gov/Archives/edgar/data/91576/000009157620000053/0000091576-20-000053-index.htm,https://www.sec.gov/Archives/edgar/data/91576/000009157620000053/key-20200930.htm
2020-06-30,KEY,USD,0000091576,2020-08-03,2020-08-03 17:16:04,2020,Q2,187000000,32000000.0,-130000000.0,26000000,150000000,0,0,0,150000000,13000000,278000000.0,-15000000.0,0,-14346000000,2346000000,-3007000000.0,-15022000000.0,-1000000,1000000,0,-207000000.0,15145000000.0,14938000000.0,0.0,194000000,1059000000,865000000,278000000.0,-15000000.0,263000000.0,https://www.sec.gov/Archives/edgar/data/91576/000009157620000045/0000091576-20-000045-index.htm,https://www.sec.gov/Archives/edgar/data/91576/000009157620000045/key-63020x10q.htm
2020-03-31,KEY,USD,0000091576,2020-05-04,2020-05-01 20:29:25,2020,Q1,146000000,54000000.0,-18000000.0,25000000,245000000,0,0,0,245000000,-625000000,-173000000.0,-12000000.0,0,-3086000000,2205000000,-8829000000.0,-9722000000.0,-1506000000,5000000,-117000000,-208000000.0,11854000000.0,10028000000.0,0.0,133000000,865000000,732000000,-173000000.0,-12000000.0,-185000000.0,https://www.sec.gov/Archives/edgar/data/91576/000009157620000014/0000091576-20-000014-index.html,https://www.sec.gov/Archives/edgar/data/91576/000009157620000014/key-33120x10q.htm
2020-12-31,MTB,USD,0000036270,2021-02-22,2021-02-22 17:02:04,2020,Q4,471140000,80233000.0,88622000.0,0,-49490000,0,0,0,69815000,73617000,664122000.0,0.0,0,-6768000,668989000,-4705710000.0,-4043489000.0,-1059982000,0,0,-154720000.0,4657580000.0,3442878000.0,0.0,63511000,1552743000,1489232000,664122000.0,-46919000.0,617203000.0,https://www.sec.gov/Archives/edgar/data/36270/000156459021007188/0001564590-21-007188-index.htm,https://www.sec.gov/Archives/edgar/data/36270/000156459021007188/mtb-10k_20201231.htm
2020-09-30,MTB,USD,0000036270,2020-11-04,2020-11-04 16:11:53,2020,Q3,372136000,85510000.0,-29820000.0,0,-576976000,0,0,0,-374571000,143138000,-6012000.0,0.0,0,-8188000,705581000,269863000.0,967256000.0,-850616000,0,0,-162802000.0,186591000.0,-826827000.0,0.0,134417000,1489232000,1354815000,-6012000.0,-31719000.0,-37731000.0,https://www.sec.gov/Archives/edgar/data/36270/000156459020050472/0001564590-20-050472-index.htm,https://www.sec.gov/Archives/edgar/data/36270/000156459020050472/mtb-10q_20200930.htm
2020-06-30,MTB,USD,0000036270,2020-08-05,2020-08-05 16:40:36,2020,Q2,241054000,76885000.0,-53850000.0,0,-74331000,0,0,0,-12156000,335761000,525519000.0,0.0,0,-6947000,552433000,-15637371000.0,-15091885000.0,-1302000,0,0,-154332000.0,14778623000.0,14622989000.0,0.0,56623000,1354815000,1298192000,525519000.0,-42104000.0,483415000.0,https://www.sec.gov/Archives/edgar/data/36270/000156459020036872/0001564590-20-036872-index.htm,https://www.sec.gov/Archives/edgar/data/36270/000156459020036872/mtb-10q_20200630.htm
2020-03-31,MTB,USD,0000036270,2020-05-07,2020-05-06 19:20:10,2020,Q1,268822000,77660000.0,-36243000.0,0,-953738000,0,0,0,-795545000,249057000,-394442000.0,0.0,0,-26675000,666145000,-4491833000.0,-3852363000.0,-753123000,0,-373750000,-164514000.0,5400079000.0,4108692000.0,0.0,-138113000,1298192000,1436305000,-394442000.0,-51547000.0,-445989000.0,https://www.sec.gov/Archives/edgar/data/36270/000156459020022168/0001564590-20-022168-index.htm,https://www.sec.gov/Archives/edgar/data/36270/000156459020005365/mtb-10k_20191231.htm
2020-12-31,NTRS,USD,0000073124,2021-02-23,2021-02-23 16:51:30,2020,Q4,240900000,127800000.0,0.0,0,883100000,-43100000,0,-18600000,919400000,224500000,1476300000.0,-33200000.0,0,-14042100000,14743700000,-17476900000.0,-16808500000.0,0,0,-1300000,-162000000.0,15002900000.0,14839600000.0,144600000.0,-348000000,4389500000,4737500000,1476300000.0,-170300000.0,1306000000.0,https://www.sec.gov/Archives/edgar/data/73124/000007312421000071/0000073124-21-000071-index.htm,https://www.sec.gov/Archives/edgar/data/73124/000007312421000071/ntrs-20201231.htm
2020-09-30,NTRS,USD,0000073124,2020-10-27,2020-10-27 16:36:50,2020,Q3,294500000,123900000.0,0.0,0,28300000,87000000,0,11100000,-69800000,-524600000,-77900000.0,-26000000.0,0,-15894100000,12219200000,4877700000.0,1176800000.0,0,0,-1500000,-150500000.0,-686300000.0,-838300000.0,14700000.0,275300000,4737500000,4462200000,-77900000.0,-125700000.0,-203600000.0,https://www.sec.gov/Archives/edgar/data/73124/000007312420000244/0000073124-20-000244-index.htm,https://www.sec.gov/Archives/edgar/data/73124/000007312420000244/ntrs-20200930.htm
2020-06-30,NTRS,USD,0000073124,2020-07-28,2020-07-28 16:48:23,2020,Q2,313300000,124800000.0,0.0,0,2775700000,83300000,0,-10400000,2702800000,-30100000,3183700000.0,-39000000.0,0,-11204900000,8725900000,9727000000.0,7209000000.0,0,0,-200000,-165100000.0,-11672100000.0,-11837400000.0,73700000.0,-1371000000,4462200000,5833200000,3183700000.0,-132000000.0,3051700000.0,https://www.sec.gov/Archives/edgar/data/73124/000007312420000212/0000073124-20-000212-index.htm,https://www.sec.gov/Archives/edgar/data/73124/000007312420000212/ntrs-20200630.htm
2020-03-31,NTRS,USD,0000073124,2020-04-27,2020-04-27 16:40:52,2020,Q1,360600000,123800000.0,0.0,0,-3698600000,-122700000,0,-5700000,-3570200000,528900000,-2685300000.0,-37600000.0,0,-9933600000,8718000000,-20247100000.0,-21500300000.0,0,0,-696800000,-152900000.0,26557700000.0,25708000000.0,-148400000.0,1374000000,5833200000,4459200000,-2685300000.0,-132400000.0,-2817700000.0,https://www.sec.gov/Archives/edgar/data/73124/000007312420000179/0000073124-20-000179-index.htm,https://www.sec.gov/Archives/edgar/data/73124/000007312420000179/q12020form10-q.htm
2020-12-31,PNC,USD,0000713676,2021-02-26,2021-02-26 13:29:49,2020,Q4,5997000000,553000000.0,266000000.0,0,-102000000,0,0,0,-175000000,-4779000000,1935000000.0,0.0,0,-11118000000,12398000000,-8023000000.0,-6743000000.0,-4560000000,11000000,-20000000,-540000000.0,10305000000.0,5196000000.0,0.0,388000000,7017000000,6629000000,1935000000.0,0.0,1935000000.0,https://www.sec.gov/Archives/edgar/data/713676/000071367621000025/0000713676-21-000025-index.htm,https://www.sec.gov/Archives/edgar/data/713676/000071367621000025/pnc-20201231.htm
2020-09-30,PNC,USD,0000713676,2020-11-03,2020-11-03 10:15:47,2020,Q3,1519000000,232000000.0,-4000000.0,0,-1473000000,0,0,0,1398000000,119000000,393000000.0,0.0,0,-2654000000,10211000000,-10699000000.0,-3142000000.0,-3911000000,20000000,-561000000,-557000000.0,8049000000.0,3040000000.0,0.0,291000000,6629000000,6338000000,393000000.0,0.0,393000000.0,https://www.sec.gov/Archives/edgar/data/713676/000071367620000139/0000713676-20-000139-index.htm,https://www.sec.gov/Archives/edgar/data/713676/000071367620000139/pncq3202010-q.htm
2020-06-30,PNC,USD,0000713676,2020-08-04,2020-08-04 11:29:48,2020,Q2,3648000000,384000000.0,-2275000000.0,0,4160000000,0,0,0,748000000,-2890000000,3027000000.0,0.0,0,-19744000000,12412000000,-10526000000.0,-17858000000.0,-18934000000,11000000,-1000000,-546000000.0,33146000000.0,13676000000.0,0.0,-1155000000,6338000000,7493000000,3027000000.0,0.0,3027000000.0,https://www.sec.gov/Archives/edgar/data/713676/000071367620000115/0000713676-20-000115-index.htm,https://www.sec.gov/Archives/edgar/data/713676/000071367620000115/pncq2202010-q.htm
2020-03-31,PNC,USD,0000713676,2020-05-05,2020-05-05 11:56:20,2020,Q1,908000000,328000000.0,-226000000.0,0,-2382000000,0,0,0,-1014000000,676000000,-696000000.0,0.0,0,-11893000000,9791000000,-21277000000.0,-23379000000.0,-4182000000,23000000,-1522000000,-566000000.0,32754000000.0,26507000000.0,0.0,2432000000,7493000000,5061000000,-696000000.0,0.0,-696000000.0,https://www.sec.gov/Archives/edgar/data/713676/000071367620000078/0000713676-20-000078-index.htm,https://www.sec.gov/Archives/edgar/data/713676/000071367620000078/pncq1202010-q.htm
2020-12-31,RF,USD,0001281761,2021-02-24,2021-02-23 21:16:10,2020,Q4,616000000,61000000.0,76000000.0,0,-256000000,-246000000,0,0,0,-498000000,-1000000.0,0.0,0,-2560000000,1758000000,2779000000.0,1977000000.0,-1349000000,0,0,-177000000.0,4033000000.0,2507000000.0,0.0,4483000000,17956000000,13473000000,-1000000.0,-24000000.0,-25000000.0,https://www.sec.gov/Archives/edgar/data/1281761/000128176121000012/0001281761-21-000012-index.htm,https://www.sec.gov/Archives/edgar/data/1281761/000128176121000012/rf-20201231.htm
2020-09-30,RF,USD,0001281761,2020-11-05,2020-11-04 18:35:52,2020,Q3,530000000,132000000.0,8000000.0,0,-67000000,-55000000,0,0,0,78000000,681000000.0,0.0,6000000,-4044000000,1589000000,2035000000.0,-414000000.0,-1481000000,0,0,-177000000.0,1666000000.0,8000000.0,0.0,275000000,13473000000,13198000000,681000000.0,-19000000.0,662000000.0,https://www.sec.gov/Archives/edgar/data/1281761/000128176120000087/0001281761-20-000087-index.htm,https://www.sec.gov/Archives/edgar/data/1281761/000128176120000087/rf-2020930x10xq.htm
2020-06-30,RF,USD,0001281761,2020-08-05,2020-08-05 08:14:27,2020,Q2,-214000000,128000000.0,-173000000.0,0,799000000,14000000,0,0,0,317000000,857000000.0,0.0,0,-1044000000,1176000000,-1268000000.0,-1136000000.0,-6289000000,0,0,-172000000.0,14683000000.0,8222000000.0,0.0,7943000000,13198000000,5255000000,857000000.0,-12000000.0,845000000.0,https://www.sec.gov/Archives/edgar/data/1281761/000128176120000075/0001281761-20-000075-index.htm,https://www.sec.gov/Archives/edgar/data/1281761/000128176120000075/rf-2020630x10xq.htm
2020-03-31,RF,USD,0001281761,2020-05-06,2020-05-06 08:41:19,2020,Q1,162000000,100000000.0,-69000000.0,0,50000000,41000000,0,0,0,544000000,787000000.0,0.0,0,-1308000000,911000000,-4883000000.0,-5280000000.0,-1799000000,0,0,-172000000.0,7605000000.0,5634000000.0,0.0,1141000000,5255000000,4114000000,787000000.0,-4000000.0,783000000.0,https://www.sec.gov/Archives/edgar/data/1281761/000128176120000048/0001281761-20-000048-index.html,https://www.sec.gov/Archives/edgar/data/1281761/000128176120000048/rf-2020331x10xq.htm
2020-12-31,STT,USD,0000093751,2021-02-19,2021-02-19 07:09:17,2020,Q4,537000000,2128000000.0,-159000000.0,0,806000000,0,0,0,2291000000,64000000,3376000000.0,-136000000.0,0,-12715000000,13630000000,-40191000000.0,-39412000000.0,-1854000000,0,-12000000,-223000000.0,36744000000.0,34655000000.0,0.0,-1381000000,3467000000,4848000000,3376000000.0,-136000000.0,3240000000.0,https://www.sec.gov/Archives/edgar/data/93751/000009375121000476/0000093751-21-000476-index.htm,https://www.sec.gov/Archives/edgar/data/93751/000009375121000476/stt-20201231.htm
2020-09-30,STT,USD,0000093751,2020-10-23,2020-10-23 11:37:58,2020,Q3,555000000,-1302000000.0,-38000000.0,0,-4510000000,0,0,0,-899000000,76000000,-5219000000.0,-153000000.0,0,-19007000000,17534000000,13799000000.0,12173000000.0,-8000000,0,-14000000,-221000000.0,-5548000000.0,-5791000000.0,0.0,1163000000,4848000000,3685000000,-5219000000.0,-153000000.0,-5372000000.0,https://www.sec.gov/Archives/edgar/data/93751/000009375120000978/0000093751-20-000978-index.htm,https://www.sec.gov/Archives/edgar/data/93751/000009375120000978/stt-20200930.htm
2020-06-30,STT,USD,0000093751,2020-07-27,2020-07-27 11:29:18,2020,Q2,694000000,352000000.0,-5000000.0,0,173000000,0,0,0,-229000000,122000000,1336000000.0,-157000000.0,0,-12879000000,27266000000,60248000000.0,74478000000.0,-8000000,0,-9000000,-215000000.0,-76829000000.0,-77061000000.0,0.0,-1247000000,3685000000,4932000000,1336000000.0,-157000000.0,1179000000.0,https://www.sec.gov/Archives/edgar/data/93751/000009375120000906/0000093751-20-000906-index.htm,https://www.sec.gov/Archives/edgar/data/93751/000009375120000906/stt-202063010q.htm
2020-03-31,STT,USD,0000093751,2020-04-28,2020-04-28 15:03:35,2020,Q1,634000000,332000000.0,8000000.0,0,2882000000,0,0,0,-363000000,183000000,4039000000.0,-114000000.0,0,-37931000000,9022000000,-83750000000.0,-112773000000.0,-8000000,0,-1058000000,-230000000.0,111660000000.0,110364000000.0,0.0,1630000000,4932000000,3302000000,4039000000.0,-114000000.0,3925000000.0,https://www.sec.gov/Archives/edgar/data/93751/000009375120000760/0000093751-20-000760-index.htm,https://www.sec.gov/Archives/edgar/data/93751/000009375120000760/stt-2020331.htm
2020-12-31,TFC,USD,0000092230,2021-02-24,2021-02-24 08:41:32,2020,Q4,1329000000,401000000.0,0.0,73000000,837000000,0,0,0,1657000000,-232000000,2408000000.0,-99000000.0,-628000000,-44566000000,9767000000,5961000000.0,-29565000000.0,-611000000,0,0,-708000000.0,10236000000.0,8917000000.0,0.0,-18240000000,18868000000,37108000000,2408000000.0,-99000000.0,2309000000.0,https://www.sec.gov/Archives/edgar/data/92230/000009223021000032/0000092230-21-000032-index.htm,https://www.sec.gov/Archives/edgar/data/92230/000009223021000032/tfc-20201231.htm
2020-09-30,TFC,USD,0000092230,2020-11-02,2020-11-02 16:45:11,2020,Q3,1138000000,388000000.0,0.0,104000000,-776000000,0,0,0,-1062000000,-429000000,425000000.0,-130000000.0,-1732000000,-19579000000,10757000000,8566000000.0,-2118000000.0,-1755000000,0,3000000,-680000000.0,36000000.0,-2396000000.0,0.0,-4089000000,37108000000,41197000000,425000000.0,-130000000.0,295000000.0,https://www.sec.gov/Archives/edgar/data/92230/000009223020000114/0000092230-20-000114-index.htm,https://www.sec.gov/Archives/edgar/data/92230/000009223020000114/tfc-20200930.htm
2020-06-30,TFC,USD,0000092230,2020-08-04,2020-08-03 21:37:06,2020,Q2,955000000,420000000.0,0.0,97000000,-1752000000,0,0,0,210000000,256000000,-24000000.0,-122000000.0,-17000000,-4634000000,5360000000,6959000000.0,7546000000.0,-25130000000,0,0,-658000000.0,23115000000.0,-2673000000.0,0.0,4849000000,41197000000,36348000000,-24000000.0,-122000000.0,-146000000.0,https://www.sec.gov/Archives/edgar/data/92230/000009223020000099/0000092230-20-000099-index.htm,https://www.sec.gov/ix?doc=/Archives/edgar/data/92230/000009223020000099/tfc-20200630.htm
2020-03-31,TFC,USD,0000092230,2020-05-08,2020-05-08 17:08:36,2020,Q1,1060000000,399000000.0,0.0,79000000,1594000000,0,0,0,-1448000000,1496000000,4628000000.0,-464000000.0,-62000000,-4029000000,4019000000,-18979000000.0,-19515000000.0,-782000000,0,-503000000,-679000000.0,34134000000.0,32170000000.0,0.0,17283000000,36348000000,19065000000,4628000000.0,-464000000.0,4164000000.0,https://www.sec.gov/Archives/edgar/data/92230/000009223020000060/0000092230-20-000060-index.html,https://www.sec.gov/Archives/edgar/data/92230/000009223020000060/tfc-20200331.htm
2020-12-31,TROW,USD,0001113169,2021-02-11,2021-02-11 13:56:00,2020,Q4,929600000,45600000.0,0.0,81700000,-368800000,0,0,0,-368800000,-686100000,2000000.0,-59200000.0,0,-36900000,72200000,40700000.0,16800000.0,0,0,-43400000,-210100000.0,186500000.0,-67000000.0,-1500000.0,-49700000,2256500000,2306200000,2000000.0,-59200000.0,-57200000.0,https://www.sec.gov/Archives/edgar/data/1113169/000111316921000006/0001113169-21-000006-index.htm,https://www.sec.gov/Archives/edgar/data/1113169/000111316921000006/trow-20201231.htm
2020-09-30,TROW,USD,0001113169,2020-10-29,2020-10-29 11:49:13,2020,Q3,698600000,49700000.0,0.0,52900000,-45600000,0,0,0,-45600000,-479400000,276200000.0,-50100000.0,0,-43100000,34000000,3700000.0,-55500000.0,0,0,-131400000,-210000000.0,233200000.0,-108200000.0,10800000.0,123300000,2306200000,2182900000,276200000.0,-50100000.0,226100000.0,https://www.sec.gov/Archives/edgar/data/1113169/000111316920000034/0001113169-20-000034-index.htm,https://www.sec.gov/Archives/edgar/data/1113169/000111316920000034/trow-20200930.htm
2020-06-30,TROW,USD,0001113169,2020-07-29,2020-07-29 10:31:52,2020,Q2,728500000,48200000.0,0.0,53300000,381800000,0,0,0,381800000,-358800000,853000000.0,-59300000.0,0,-20400000,48800000,5700000.0,-25200000.0,0,0,-135800000,-210500000.0,27500000.0,-318800000.0,-6200000.0,502800000,2182900000,1680100000,853000000.0,-59300000.0,793700000.0,https://www.sec.gov/Archives/edgar/data/1113169/000111316920000031/0001113169-20-000031-index.htm,https://www.sec.gov/Archives/edgar/data/1113169/000111316920000031/a10q-q22020.htm
2020-03-31,TROW,USD,0001113169,2020-04-28,2020-04-28 16:24:02,2020,Q1,166600000,46100000.0,0.0,58300000,123700000,0,0,0,123700000,393000000,787700000.0,-46000000.0,0,-225900000,299100000,400000.0,27600000.0,0,0,-891300000,-215200000.0,114200000.0,-992300000.0,-1200000.0,-178200000,1680100000,1858300000,787700000.0,-46000000.0,741700000.0,https://www.sec.gov/Archives/edgar/data/1113169/000111316920000022/0001113169-20-000022-index.html,https://www.sec.gov/Archives/edgar/data/1113169/000111316920000022/a10q-q12020.htm
2020-12-31,USB,USD,0000036104,2021-02-23,2021-02-23 17:13:37,2020,Q4,1519000000,134000000.0,0.0,0,0,0,0,0,0,-2722000000,-1069000000.0,0.0,0,-20181000000,17323000000,9268000000.0,6410000000.0,-1388000000,4000000,-12000000,-713000000.0,15301000000.0,13192000000.0,0.0,18533000000,62580000000,44047000000,-1069000000.0,0.0,-1069000000.0,https://www.sec.gov/Archives/edgar/data/36104/000119312521052547/0001193125-21-052547-index.htm,https://www.sec.gov/Archives/edgar/data/36104/000119312521052547/d14650d10k.htm
2020-09-30,USB,USD,0000036104,2020-11-05,2020-11-05 17:07:05,2020,Q3,1580000000,133000000.0,0.0,0,0,0,0,0,0,1571000000,3284000000.0,0.0,0,-17920000000,11601000000,2464000000.0,-3855000000.0,-1588000000,1000000,0,-707000000.0,-5480000000.0,-7774000000.0,0.0,-8345000000,44047000000,52392000000,3284000000.0,0.0,3284000000.0,https://www.sec.gov/Archives/edgar/data/36104/000119312520286983/0001193125-20-286983-index.htm,https://www.sec.gov/Archives/edgar/data/36104/000119312520286983/d947218d10q.htm
2020-06-30,USB,USD,0000036104,2020-08-06,2020-08-06 16:41:05,2020,Q2,689000000,131000000.0,0.0,0,0,0,0,0,0,-1673000000,-853000000.0,0.0,0,-15624000000,11746000000,8142000000.0,4264000000.0,-11344000000,1000000,0,-714000000.0,14233000000.0,2176000000.0,0.0,5587000000,52392000000,46805000000,-853000000.0,0.0,-853000000.0,https://www.sec.gov/Archives/edgar/data/36104/000119312520211979/0001193125-20-211979-index.htm,https://www.sec.gov/Archives/edgar/data/36104/000119312520211979/d890129d10q.htm
2020-03-31,USB,USD,0000036104,2020-05-07,2020-05-07 16:40:41,2020,Q1,1171000000,129000000.0,0.0,0,0,0,0,0,0,1054000000,2354000000.0,0.0,0,-14937000000,15565000000,-22887000000.0,-22259000000.0,-156000000,9000000,-1660000000,-718000000.0,46830000000.0,44305000000.0,0.0,24400000000,46805000000,22405000000,2354000000.0,0.0,2354000000.0,https://www.sec.gov/Archives/edgar/data/36104/000119312520136359/0001193125-20-136359-index.html,https://www.sec.gov/Archives/edgar/data/36104/000119312520136359/d897119d10q.htm
2020-12-31,WFC,USD,0000072971,2021-02-23,2021-02-23 16:58:04,2020,Q4,3194000000,2292000000.0,0.0,429000000,-14492000000,0,0,0,-15424000000,-14188000000,-22765000000.0,0.0,0,-44691000000,42427000000,22776000000.0,20512000000.0,-4196000000,58000000,-1135000000,-778000000.0,26146000000.0,20095000000.0,0.0,17842000000,264612000000,246770000000,-22765000000.0,0.0,-22765000000.0,https://www.sec.gov/Archives/edgar/data/72971/000007297121000197/0000072971-21-000197-index.htm,https://www.sec.gov/Archives/edgar/data/72971/000007297121000197/wfc-20201231.htm
2020-09-30,WFC,USD,0000072971,2020-11-02,2020-11-02 16:09:12,2020,Q3,2219000000,2382000000.0,0.0,384000000,18979000000,0,0,0,23512000000,-32540000000,-8576000000.0,0.0,0,-43013000000,51199000000,34472000000.0,42658000000.0,-16577000000,59000000,-3000000,-655000000.0,-32639000000.0,-49815000000.0,0.0,-15733000000,246770000000,262503000000,-8576000000.0,0.0,-8576000000.0,https://www.sec.gov/Archives/edgar/data/72971/000007297120000338/0000072971-20-000338-index.htm,https://www.sec.gov/Archives/edgar/data/72971/000007297120000338/wfc-20200930.htm
2020-06-30,WFC,USD,0000072971,2020-08-04,2020-08-04 09:53:20,2020,Q2,-2332000000,2194000000.0,0.0,371000000,14654000000,0,0,0,13514000000,1232000000,16119000000.0,0.0,0,-18136000000,51152000000,70671000000.0,103687000000.0,-27011000000,245000000,-2000000,-2397000000.0,21053000000.0,-8112000000.0,0.0,111694000000,262503000000,150809000000,16119000000.0,0.0,16119000000.0,https://www.sec.gov/Archives/edgar/data/72971/000007297120000288/0000072971-20-000288-index.htm,https://www.sec.gov/Archives/edgar/data/72971/000007297120000288/wfc-0630x2020x10q.htm
2020-03-31,WFC,USD,0000072971,2020-05-05,2020-05-05 15:25:29,2020,Q1,505000000,1868000000.0,0.0,582000000,4483000000,0,0,0,16120000000,9835000000,17273000000.0,0.0,0,-41137000000,30862000000,-34028000000.0,-44303000000.0,-17563000000,209000000,-5877000000,-2312000000.0,62132000000.0,36589000000.0,0.0,9559000000,150809000000,141250000000,17273000000.0,0.0,17273000000.0,https://www.sec.gov/Archives/edgar/data/72971/000007297120000236/0000072971-20-000236-index.html,https://www.sec.gov/Archives/edgar/data/72971/000007297120000236/wfc-0331x2020x10q.htm
2020-12-31,ZION,USD,0000109380,2021-02-25,2021-02-25 16:20:16,2020,Q4,284000000,11000000.0,39000000.0,4000000,-87000000,0,0,0,-67000000,-80000000,171000000.0,-48000000.0,0,-5602000000,1300000000,1327000000.0,-3023000000.0,-481000000,3000000,0,-64000000.0,3361000000.0,2819000000.0,0.0,-33000000,543000000,576000000,171000000.0,-48000000.0,123000000.0,https://www.sec.gov/Archives/edgar/data/109380/000010938021000082/0000109380-21-000082-index.htm,https://www.sec.gov/Archives/edgar/data/109380/000010938021000082/zions-20201231.htm
2020-09-30,ZION,USD,0000109380,2020-11-04,2020-11-04 16:56:48,2020,Q3,175000000,12000000.0,-3000000.0,4000000,-85000000,0,0,0,-38000000,47000000,150000000.0,-41000000.0,0,-3792000000,1577000000,376000000.0,-1880000000.0,0,0,0,-65000000.0,1801000000.0,1736000000.0,0.0,6000000,576000000,570000000,150000000.0,-41000000.0,109000000.0,https://www.sec.gov/Archives/edgar/data/109380/000010938020000254/0000109380-20-000254-index.htm,https://www.sec.gov/Archives/edgar/data/109380/000010938020000254/zions-20200930.htm
2020-06-30,ZION,USD,0000109380,2020-08-05,2020-08-05 15:41:54,2020,Q2,66000000,18000000.0,-48000000.0,5000000,42000000,0,0,0,0,162000000,245000000.0,-54000000.0,0,-1041000000,1075000000,-5156000000.0,-5176000000.0,0,3000000,-1000000,-64000000.0,4833000000.0,4771000000.0,0.0,-160000000,570000000,730000000,245000000.0,-54000000.0,191000000.0,https://www.sec.gov/Archives/edgar/data/109380/000010938020000212/0000109380-20-000212-index.htm,https://www.sec.gov/ix?doc=/Archives/edgar/data/109380/000010938020000212/zions-20200630.htm
2020-03-31,ZION,USD,0000109380,2020-05-06,2020-05-06 16:55:08,2020,Q1,14000000,45000000.0,-46000000.0,13000000,-129000000,0,0,0,22000000,256000000,153000000.0,-28000000.0,0,-1757000000,852000000,-1192000000.0,-2125000000.0,0,2000000,-75000000,-66000000.0,2136000000.0,1997000000.0,0.0,25000000,730000000,705000000,153000000.0,-28000000.0,125000000.0,https://www.sec.gov/Archives/edgar/data/109380/000010938020000174/0000109380-20-000174-index.htm,https://www.sec.gov/ix?doc=/Archives/edgar/data/109380/000010938020000174/zions-20200331.htm
